UFC 1: The Beginning,Ultimate Fighting Championship,"November 12, 1993",McNichols Sports Arena,"Denver, Colorado","7,800[1]",nan,"86,000[2]"
UFC 2: No Way Out,Ultimate Fighting Championship,"March 11, 1994",Mammoth Gardens,"Denver, Colorado","2,000",nan,nan
UFC 3: The American Dream,Ultimate Fighting Championship,"September 9, 1994[1]",Grady Cole Center,"Charlotte, North Carolina","3,000",nan,"90,000"
UFC 4: Revenge of the Warriors,Ultimate Fighting Championship,"December 16, 1994",Expo Square Pavilion,"Tulsa, Oklahoma","5,857",nan,"120,000"
UFC 5: Gracie vs. Shamrock 2,Ultimate Fighting Championship,"April 7, 1995",Independence Arena,"Charlotte, North Carolina","6,000",nan,"260,000[1]"
UFC 6: Shamrock vs. Severn,Ultimate Fighting Championship,"July 14, 1995",Casper Events Center,"Casper, Wyoming","2,700",nan,"240,000[1]"
UFC 7,Ultimate Fighting Championship,"September 8, 1995",Memorial Auditorium,"Buffalo, New York","9,000",nan,"190,000[1]"
Ultimate Ultimate 1995,Ultimate Fighting Championship,"December 16, 1995",Mammoth Gardens,"Denver, Colorado","2,800",nan,"251,000"
UFC 8: Shamrock vs. Leopoldo,Ultimate Fighting Championship,"February 16, 1996",Ruben Rodriguez Coliseum,"Bayamón, Puerto Rico","13,000",nan,"300,000[1]"
UFC 9: Shamrock vs. Severn 2,Ultimate Fighting Championship,"May 17, 1996",Cobo Arena,"Detroit, Michigan","10,000",nan,"141,000"
UFC 10: The Tournament,Ultimate Fighting Championship,"July 12, 1996",Fairgrounds Arena,"Birmingham, Alabama","4,300",nan,"96,000"
UFC 11: The Proving Ground,Ultimate Fighting Championship,"September 20, 1996",Augusta Civic Center,"Augusta, Georgia","4,500",nan,"92,000"
Ultimate Ultimate 1996,Ultimate Fighting Championship,"December 7, 1996",Fair Park Arena,"Birmingham, Alabama","6,000",nan,"120,000"
UFC 12: Judgement Day,Ultimate Fighting Championship,"February 7, 1997",Dothan Civic Center,"Dothan, Alabama","3,100",nan,"122,000"
UFC 13: The Ultimate Force,Ultimate Fighting Championship,"May 30, 1997",Augusta Civic Center,"Augusta, Georgia","5,100",nan,nan
UFC 14: Showdown,Ultimate Fighting Championship,"July 27, 1997",Boutwell Auditorium,"Birmingham, Alabama","5,000",nan,nan
UFC 15: Collision Course,Ultimate Fighting Championship,"October 17, 1997",Casino Magic Bay St. Louis,"Bay St. Louis, Mississippi",nan,nan,nan
UFC Japan: Ultimate Japan,Ultimate Fighting Championship,"December 21, 1997",Yokohama Arena,"Yokohama, Japan","5,000",nan,nan
UFC 16: Battle in the Bayou,Ultimate Fighting Championship,"March 13, 1998",Pontchartrain Center,"New Orleans, Louisiana","4,600",nan,nan
UFC 17: Redemption,Ultimate Fighting Championship,"May 15, 1998",Mobile Civic Center,"Mobile, Alabama",nan,nan,nan
UFC Brazil: Ultimate Brazil,Ultimate Fighting Championship,"October 16, 1998",Ginásio da Portuguesa,"Sao Paulo, Brazil",nan,nan,nan
UFC 18: The Road to the Heavyweight Title,Ultimate Fighting Championship,"January 8, 1999",Pontchartrain Center,"New Orleans, Louisiana",nan,nan,nan
UFC 19: Ultimate Young Guns,Ultimate Fighting Championship,"March 5, 1999",Casino Magic Bay St. Louis,"Bay St. Louis, Mississippi",nan,nan,nan
UFC 20: Battle for the Gold,Ultimate Fighting Championship,"May 7, 1999",Boutwell Auditorium,"Birmingham, Alabama",nan,nan,nan
UFC 21: Return of the Champions,Ultimate Fighting Championship,"July 16, 1999",Five Seasons Events Center,"Cedar Rapids, Iowa",nan,nan,nan
UFC 22: Only One Can be Champion,Ultimate Fighting Championship,"September 24, 1999",Lake Charles Civic Center,"Lake Charles, Louisiana",nan,nan,nan
UFC 23: Ultimate Japan 2,Ultimate Fighting Championship,"November 19, 1999",Tokyo Bay NK Hall,"Tokyo, Japan",nan,nan,nan
UFC 24: First Defense,Ultimate Fighting Championship,"March 10, 2000",Lake Charles Civic Center,"Lake Charles, Louisiana",nan,nan,nan
UFC 25: Ultimate Japan 3,Ultimate Fighting Championship,"April 14, 2000",Yoyogi National Gymnasium,"Tokyo, Japan",nan,nan,nan
UFC 26: Ultimate Field of Dreams,Ultimate Fighting Championship,"June 9, 2000",Five Seasons Events Center,"Cedar Rapids, Iowa",nan,nan,nan
UFC 27: Ultimate Bad Boyz,Ultimate Fighting Championship,"September 22, 2000",Lakefront Arena,"New Orleans, Louisiana",nan,nan,nan
UFC 28: High Stakes,Ultimate Fighting Championship,"November 17, 2000",Trump Taj Mahal,"Atlantic City, New Jersey",nan,nan,nan
UFC 29: Defense of the Belts,Ultimate Fighting Championship,"December 16, 2000",Differ Ariake Arena,"Tokyo, Japan","1,414[1]",nan,nan
UFC 30: Battle on the Boardwalk,Ultimate Fighting Championship,"February 23, 2001",Trump Taj Mahal,"Atlantic City, New Jersey",nan,nan,nan
UFC 31: Locked and Loaded,Ultimate Fighting Championship,"May 4, 2001",Trump Taj Mahal,"Atlantic City, New Jersey",nan,nan,nan
UFC 32: Showdown in the Meadowlands,Ultimate Fighting Championship,"June 29, 2001",Continental Airlines Arena,"East Rutherford, New Jersey","12,500",nan,nan
UFC 33: Victory in Vegas,Ultimate Fighting Championship,"September 28, 2001",Mandalay Bay Events Center,"Las Vegas, Nevada","9,500","$816,660","75,000"
UFC 34: High Voltage,Ultimate Fighting Championship,"November 2, 2001",MGM Grand Garden Arena,"Las Vegas, Nevada","9,000","$502,550","65,000"
UFC 35: Throwdown,Ultimate Fighting Championship,"January 11, 2002",Mohegan Sun Arena,"Uncasville, Connecticut","9,600",nan,"35,000"
UFC 36: Worlds Collide,Ultimate Fighting Championship,"March 22, 2002",MGM Grand Arena,"Las Vegas, Nevada","10,000[1]","$898,850[1]","55,000[1]"
UFC 37: High Impact,Ultimate Fighting Championship,"May 10, 2002",CenturyTel Center,"Bossier City, Louisiana","7,200",nan,"50,000"
UFC 37.5: As Real As It Gets,Ultimate Fighting Championship,"June 22, 2002",Bellagio Hotel and Casino,"Las Vegas, Nevada","3,700",nan,nan
UFC 38: Brawl at the Hall,Ultimate Fighting Championship,"July 13, 2002",Royal Albert Hall,"London, United Kingdom","3,800",nan,"45,000"
UFC 39: The Warriors Return,Ultimate Fighting Championship,"September 27, 2002",Mohegan Sun Arena,"Uncasville, Connecticut","7,800",nan,"45,000"
UFC 40: Vendetta,Ultimate Fighting Championship,"November 22, 2002",MGM Grand Arena,"Las Vegas, Nevada","13,265","$1,540,000","100,000"
UFC 41: Onslaught,Ultimate Fighting Championship,"February 28, 2003",Boardwalk Hall,"Atlantic City, New Jersey","13,401",nan,"60,000"
UFC 42: Sudden Impact,Ultimate Fighting Championship,"April 25, 2003",American Airlines Arena,"Miami, Florida","6,700",nan,"35,000"
UFC 43: Meltdown,Ultimate Fighting Championship,"June 6, 2003",Thomas and Mack Center,"Las Vegas, Nevada","9,800","$645,140","49,000"
UFC 44: Undisputed,Ultimate Fighting Championship,"September 26, 2003",Mandalay Bay Events Center,"Las Vegas, Nevada","10,400","$127,985","94,000"
UFC 45: Revolution,Ultimate Fighting Championship,"November 21, 2003",Mohegan Sun Arena,"Uncasville, Connecticut","9,200",nan,"40,000"
UFC 46: Supernatural,Ultimate Fighting Championship,"January 31, 2004",Mandalay Bay Events Center,"Las Vegas, Nevada","10,700[1]","$1,377,000[1]","80,000[1]"
UFC 47: It’s On!,Ultimate Fighting Championship,"April 2, 2004",Mandalay Bay Events Center,"Las Vegas, Nevada","11,437[1]","$1,444,020[1]","105,000[1]"
UFC 48: Payback,Ultimate Fighting Championship,"June 19, 2004",Mandalay Bay Events Center,"Las Vegas, Nevada","10,000 (Paid: 6,528)[1]","$901,655[1]","110,000[1]"
UFC 49: Unfinished Business,Ultimate Fighting Championship,"August 21, 2004",MGM Grand Arena,"Las Vegas, Nevada","12,100 (paid 8,597)[1]","$1,293,035[1]","80,000[1]"
UFC 50: The War of '04,Ultimate Fighting Championship,"October 22, 2004",Trump Plaza,"Atlantic City, New Jersey","9,000",nan,"40,000"
UFC 51: Super Saturday,Ultimate Fighting Championship,"February 5, 2005",Mandalay Bay Events Center,"Las Vegas, Nevada","11,072 (Paid: 9,268)[1]","$1,493,000","105,000"
The Ultimate Fighter: Team Couture vs. Team Liddell Finale,Ultimate Fighting Championship,"April 9, 2005",Cox Pavilion,"Las Vegas, Nevada",nan,nan,nan
UFC 52: Couture vs. Liddell,Ultimate Fighting Championship,"April 16, 2005",MGM Grand Arena,"Las Vegas, Nevada","14,562 (Paid: 12,643)","$2,575,450","280,000[1]"
UFC 53: Heavy Hitters,Ultimate Fighting Championship,"June 4, 2005",Boardwalk Hall,"Atlantic City, New Jersey","12,000","$1,100,000","90,000"
UFC Ultimate Fight Night,Ultimate Fighting Championship,"August 6, 2005",Cox Pavilion,"Las Vegas, Nevada",nan,nan,nan
UFC 54: Boiling Point,Ultimate Fighting Championship,"August 20, 2005",MGM Grand Arena,"Las Vegas, Nevada","13,520 (Paid: 11,634)[1]","$2,336,000","150,000"
Ultimate Fight Night 2,Ultimate Fighting Championship,"October 3, 2005",Hard Rock Hotel and Casino,"Las Vegas, Nevada",nan,nan,nan
UFC 55: Fury,Ultimate Fighting Championship,"October 7, 2005",Mohegan Sun Arena,"Uncasville, Connecticut","8,000",nan,"125,000"
The Ultimate Fighter: Team Hughes vs. Team Franklin Finale,Ultimate Fighting Championship,"November 5, 2005",Hard Rock Hotel and Casino,"Las Vegas, Nevada",nan,nan,nan
UFC 56: Full Force,Ultimate Fighting Championship,"November 19, 2005",MGM Grand Arena,"Las Vegas, Nevada","12,000 (Paid: 9,995)[1]","$1,986,000","200,000"
Ultimate Fight Night 3,Ultimate Fighting Championship,"January 16, 2006",Hard Rock Hotel and Casino,"Las Vegas, Nevada","1,008","$144,600[1]",nan
UFC 57: Liddell vs. Couture 3,Ultimate Fighting Championship,"February 4, 2006",Mandalay Bay Events Center,"Las Vegas, Nevada","11,000 (Paid: 10,301)[1]","$3,382,400","400,000[2]"
UFC 58: USA vs. Canada,Ultimate Fighting Championship,"March 4, 2006",Mandalay Bay Events Center,"Las Vegas, Nevada","9,569 (8,183 paid)[1]","$1,758,450","300,000[2]"
Ultimate Fight Night 4,Ultimate Fighting Championship,"April 6, 2006",Hard Rock Hotel and Casino,"Las Vegas, Nevada",843,"$199,150[1]",nan
UFC 59: Reality Check,Ultimate Fighting Championship,"April 15, 2006",Arrowhead Pond,"Anaheim, California","13,814 (13,060 paid)[1]","$2,191,450","425,000[2]"
UFC 60: Hughes vs. Gracie,Ultimate Fighting Championship,"May 27, 2006",Staples Center,"Los Angeles, California","14,802 (10,347 paid)","$2,900,090","620,000[1]"
The Ultimate Fighter: Team Ortiz vs. Team Shamrock Finale,Ultimate Fighting Championship,"June 24, 2006",Hard Rock Hotel and Casino,"Las Vegas, Nevada",nan,nan,nan
Ultimate Fight Night 5,Ultimate Fighting Championship,"June 28, 2006",Hard Rock Hotel and Casino,"Las Vegas, Nevada",954[1],"$134,368[2]",nan
UFC 61: Bitter Rivals,Ultimate Fighting Championship,"July 8, 2006",Mandalay Bay Events Center,"Las Vegas, Nevada","11,167 (9,999 paid)","$3,350,775.15","775,000 [1]"
UFC Fight Night: Sanchez vs. Parisyan,Ultimate Fighting Championship,"August 17, 2006",Red Rock Resort Spa and Casino,"Las Vegas, Nevada",nan,nan,nan
UFC 62: Liddell vs. Sobral,Ultimate Fighting Championship,"August 26, 2006",Mandalay Bay Events Center,"Las Vegas, Nevada","9,859 (8,954 paid)[1]","$3,040,880[1]","500,000[2]"
UFC 63: Hughes vs. Penn,Ultimate Fighting Championship,"September 23, 2006",Arrowhead Pond,"Anaheim, California","12,604 (9,343 paid)[1]","$1,582,370[1]","400,000[2]"
UFC: Ortiz vs. Shamrock 3: The Final Chapter,Ultimate Fighting Championship,"October 10, 2006",Seminole Hard Rock Hotel and Casino,"Hollywood, Florida","3,510",nan,nan
UFC 64: Unstoppable,Ultimate Fighting Championship,"October 14, 2006",Mandalay Bay Events Center,"Las Vegas, Nevada","10,173 (8,913 paid)[1]","$1,790,490[1]","300,000[2]"
The Ultimate Fighter: The Comeback Finale,Ultimate Fighting Championship,"November 11, 2006",Hard Rock Hotel and Casino,"Las Vegas, Nevada",nan,nan,nan
UFC 65: Bad Intentions,Ultimate Fighting Championship,"November 18, 2006",ARCO Arena,"Sacramento, California","14,666 (12,362 paid)[1]","$2,138,020[2]","500,000[3]"
UFC Fight Night: Sanchez vs. Riggs,Ultimate Fighting Championship,"December 13, 2006",MCAS Miramar,"San Diego, California",nan,nan,nan
UFC 66: Liddell vs. Ortiz,Ultimate Fighting Championship,"December 30, 2006",MGM Grand Garden Arena,"Las Vegas, Nevada","13,761 (12,191 paid)[1]","$5,397,300[1]","1,050,000[2]"
UFC Fight Night: Evans vs. Salmon,Ultimate Fighting Championship,"January 25, 2007",Seminole Hard Rock Hotel and Casino,"Hollywood, Florida",nan,nan,nan
UFC 67: All or Nothing,Ultimate Fighting Championship,"February 3, 2007",Mandalay Bay Events Center,"Las Vegas, Nevada","10,227 (8,700 paid)[1]","$2,767,130[2]","350,000[3]"
UFC 68: The Uprising,Ultimate Fighting Championship,"March 3, 2007",Nationwide Arena,"Columbus, Ohio","19,049 (17,358 paid)","$3,014,000[1]","534,000[2]"
UFC Fight Night: Stevenson vs. Guillard,Ultimate Fighting Championship,"April 5, 2007",Palms Casino Resort,"Las Vegas, Nevada","1,734",nan,nan
UFC 69: Shootout,Ultimate Fighting Championship,"April 7, 2007",Toyota Center,"Houston, Texas","15,269 (12,516 paid)[1]","$2,817,200[2]","400,000[citation needed]"
UFC 70: Nations Collide,Ultimate Fighting Championship,"April 21, 2007",Manchester Evening News Arena,"Manchester, United Kingdom","15,114 (12,708 paid)[1]","$2,628,472 (£1.3 million GBP)[2]",nan
UFC 71: Liddell vs. Jackson,Ultimate Fighting Championship,"May 26, 2007",MGM Grand Garden Arena,"Las Vegas, Nevada","14,728 (13,224 paid)[1]","$4,304,000[1]","675,000[2]"
UFC Fight Night: Stout vs. Fisher,Ultimate Fighting Championship,"June 12, 2007",Seminole Hard Rock Hotel and Casino,"Hollywood, Florida",nan,nan,nan
UFC 72: Victory,Ultimate Fighting Championship,16 June 2007,The Odyssey,"Belfast, Northern Ireland, United Kingdom.","8,000","£700,000 (approx. $1.2 million)[1]","200,000[2]"
The Ultimate Fighter: Team Pulver vs. Team Penn Finale,Ultimate Fighting Championship,"June 23, 2007",Palms Casino Resort,"Las Vegas, Nevada",nan,"$526,000[12]",nan
UFC 73: Stacked,Ultimate Fighting Championship,"July 7, 2007",ARCO Arena,"Sacramento, California","13,183[1]","$1,551,920[1]","425,000"
UFC 74: Respect,Ultimate Fighting Championship,"August 25, 2007",Mandalay Bay Events Center,"Las Vegas, Nevada","11,118 (9,622 paid)[1]","$3,307,000[1]","520,000[2]"
UFC 75: Champion vs. Champion,Ultimate Fighting Championship,"September 8, 2007",The O2 Arena,"London, United Kingdom","16,235[1]",$2.7 million[1],nan
UFC Fight Night: Thomas vs. Florian,Ultimate Fighting Championship,"September 19, 2007",Palms Casino Resort,"Las Vegas, Nevada",nan,"$270,000[1]",nan
UFC 76: Knockout,Ultimate Fighting Championship,"September 22, 2007",Honda Center,"Anaheim, California","13,770 (11,817 paid)","$1,985,000","475,000[1]"
UFC 77: Hostile Territory,Ultimate Fighting Championship,"October 20, 2007",U.S. Bank Arena,"Cincinnati, Ohio","16,054","$2,540,000","325,000[1]"
UFC 78: Validation,Ultimate Fighting Championship,"November 17, 2007",Prudential Center,"Newark, New Jersey","14,071","$2,100,000","400,000"
The Ultimate Fighter: Team Hughes vs. Team Serra Finale,Ultimate Fighting Championship,"December 8, 2007",Palms Casino Resort,"Las Vegas, Nevada",nan,nan,nan
UFC 79: Nemesis,Ultimate Fighting Championship,"December 29, 2007",Mandalay Bay Events Center,"Las Vegas, Nevada","11,075 (10,968 paid)","$4,994,000","650,000[1]"
UFC 80: Rapid Fire,Ultimate Fighting Championship,"January 19, 2008",Metro Radio Arena,"Newcastle, United Kingdom","8,412","$1,250,000","225,000"
UFC Fight Night: Swick vs. Burkman,Ultimate Fighting Championship,"January 23, 2008",Palms Casino Resort,"Las Vegas, Nevada",nan,nan,nan
UFC 81: Breaking Point,Ultimate Fighting Championship,"February 2, 2008",Mandalay Bay Events Center,"Las Vegas, Nevada","10,583 (7,167 paid)","$2,437,890","600,000"
UFC 82: Pride of a Champion,Ultimate Fighting Championship,"March 1, 2008",Nationwide Arena,"Columbus, Ohio","16,431[1]","$2,200,000[1]","325,000"
UFC Fight Night: Florian vs. Lauzon,Ultimate Fighting Championship,"April 2, 2008",Broomfield Event Center,"Broomfield, Colorado","6,742[1]","$753,429[2]",nan
UFC 83: Serra vs. St-Pierre 2,Ultimate Fighting Championship,"April 19, 2008",Bell Centre,"Montreal, Quebec, Canada","21,390","$5,100,000","530,000"
UFC 84: Ill Will,Ultimate Fighting Championship,"May 24, 2008",MGM Grand Garden Arena,"Las Vegas, Nevada","14,773 (13,448 paid)[1]","$3,732,000[1]","475,000"
UFC 85: Bedlam,Ultimate Fighting Championship,"June 7, 2008",The O2 Arena,"London, United Kingdom","15,327[1]","2,920,000","215,000[2]"
The Ultimate Fighter: Team Rampage vs. Team Forrest Finale,Ultimate Fighting Championship,"June 21, 2008",Palms Casino Resort,"Las Vegas, Nevada","2,500","$495,350",nan
UFC 86: Jackson vs. Griffin,Ultimate Fighting Championship,"July 5, 2008",Mandalay Bay Events Center,"Las Vegas, Nevada","10,990 (9,630 paid)","$3,350,730","540,000"
UFC Fight Night: Silva vs. Irvin,Ultimate Fighting Championship,"July 19, 2008",Palms Casino Resort,"Las Vegas, Nevada","2,071[1]",nan,nan
UFC 87: Seek and Destroy,Ultimate Fighting Championship,"August 9, 2008",Target Center,"Minneapolis, Minnesota","15,087","$2,252,000","625,000[1]"
UFC 88: Breakthrough,Ultimate Fighting Championship,"September 6, 2008",Philips Arena,"Atlanta, Georgia","14,736","$2,600,000","480,000 [1]"
UFC Fight Night: Diaz vs. Neer,Ultimate Fighting Championship,"September 17, 2008",Omaha Civic Auditorium,"Omaha, Nebraska","9,103","$700,000",nan
UFC 89: Bisping vs. Leben,Ultimate Fighting Championship,"October 18, 2008",National Indoor Arena,"Birmingham, United Kingdom","9,515[1]",nan,nan
UFC 90: Silva vs. Côté,Ultimate Fighting Championship,"October 25, 2008",Allstate Arena,"Rosemont, Illinois","15,359","$2,850,000","300,000[1]"
UFC 91: Couture vs. Lesnar,Ultimate Fighting Championship,"November 15, 2008",MGM Grand Garden Arena,"Las Vegas, Nevada","14,272 (10,845 paid)[1]","$4,815,675[2]","1,010,000[3]"
UFC: Fight for the Troops,Ultimate Fighting Championship,"December 10, 2008",Cumberland County Crown Coliseum,"Fayetteville, North Carolina","8,200",nan,nan
The Ultimate Fighter: Team Nogueira vs. Team Mir Finale,Ultimate Fighting Championship,"December 13, 2008",Palms Casino Resort,"Las Vegas, Nevada","1,853","$405,000",nan
UFC 92: The Ultimate 2008,Ultimate Fighting Championship,"December 27, 2008",MGM Grand Garden Arena,"Las Vegas, Nevada","14,103 (9,701 paid)","$3,468,440","1,000,000 [1]"
UFC 93: Franklin vs. Henderson,Ultimate Fighting Championship,"January 17, 2009",The O2,"Dublin, Ireland","9,369","$1,300,000","350,000 [1]"
UFC 94: St-Pierre vs. Penn 2,Ultimate Fighting Championship,"January 31, 2009",MGM Grand Garden Arena[1],"Las Vegas, Nevada","14,885","$4,290,020","920,000[2]"
UFC Fight Night: Lauzon vs. Stephens,Ultimate Fighting Championship,"February 7, 2009",USF Sun Dome[1],"Tampa, Florida[1]","7,596","$428,000",nan
UFC 95: Sanchez vs. Stevenson,Ultimate Fighting Championship,"February 21, 2009",The O2 Arena,"London, United Kingdom","13,268[1]","$1,000,000 (approximate)[1]",nan
UFC 96: Jackson vs. Jardine,Ultimate Fighting Championship,"March 7, 2009",Nationwide Arena,"Columbus, Ohio","17,033","$1,800,000","350,000"
UFC Fight Night: Condit vs. Kampmann,Ultimate Fighting Championship,"April 1, 2009",Sommet Center,"Nashville, Tennessee","10,267[1]","$626,077[1]",nan
UFC 97: Redemption,Ultimate Fighting Championship,"April 18, 2009",Bell Centre,"Montreal, Quebec, Canada","21,451","$4,900,000","650,000[1]"
UFC 98: Evans vs. Machida,Ultimate Fighting Championship,"May 23, 2009",MGM Grand Garden Arena,"Las Vegas, Nevada","12,606","$3,257,350[1]","635,000[2]"
UFC 99: The Comeback,Ultimate Fighting Championship,"June 13, 2009",Lanxess Arena,"Cologne, Germany","12,854[1]","$1,300,000","360,000[2]"
The Ultimate Fighter: United States vs. United Kingdom Finale,Ultimate Fighting Championship,"June 20, 2009[4]",Pearl Concert Theater,"Las Vegas, Nevada","2,217[5]","$498,650[5]",nan
UFC 100,Ultimate Fighting Championship,"July 11, 2009",Mandalay Bay Events Center,"Las Vegas, Nevada","10,871 (9,764 paid)[1]","$5,101,740[1]","1,600,000[2]"
UFC 101: Declaration,Ultimate Fighting Championship,"August 8, 2009",Wachovia Center,"Philadelphia, Pennsylvania","17,411[1]","$3,550,000[1]","850,000[2]"
UFC 102: Couture vs. Nogueira,Ultimate Fighting Championship,"August 29, 2009",Rose Garden,"Portland, Oregon","16,088[1]","$1,920,000[1]","435,000[2]"
UFC Fight Night: Diaz vs. Guillard,Ultimate Fighting Championship,"September 16, 2009",Cox Convention Center,"Oklahoma City, Oklahoma","9,490[1]","$577,997[1]",nan
UFC 103: Franklin vs. Belfort,Ultimate Fighting Championship,"September 19, 2009",American Airlines Center,"Dallas, Texas","17,428[1]","$2,400,000[1]","375,000[2]"
UFC 104: Machida vs. Shogun,Ultimate Fighting Championship,"October 24, 2009",Staples Center,"Los Angeles, California","14,892[1]","$1,913,093[1]","500,000[2]"
UFC 105: Couture vs. Vera,Ultimate Fighting Championship,"November 14, 2009",Evening News Arena,"Manchester, United Kingdom","16,693[1]","$2,000,000[1]",nan
UFC 106: Ortiz vs. Griffin 2,Ultimate Fighting Championship,"November 21, 2009",Mandalay Bay Events Center,"Las Vegas, Nevada","10,529[1]","$3,003,250[1]","375,000[2]"
The Ultimate Fighter: Heavyweights Finale,Ultimate Fighting Championship,"December 5, 2009[7]",Palms Casino Resort,"Las Vegas, Nevada","1,791[8]","$503,600[8]",nan
UFC 107: Penn vs. Sanchez,Ultimate Fighting Championship,"December 12, 2009",FedExForum,"Memphis, Tennessee","13,896[1]","$1,500,000[1]","620,000[2]"
UFC 108: Evans vs. Silva,Ultimate Fighting Championship,"January 2, 2010",MGM Grand Garden Arena,"Las Vegas, Nevada","13,529[1]","$1,969,670[1]","300,000[2]"
UFC Fight Night: Maynard vs. Diaz,Ultimate Fighting Championship,"January 11, 2010",Patriot Center,"Fairfax, Virginia","8,078[1]","$753,962[1]",nan
UFC 109: Relentless,Ultimate Fighting Championship,"February 6, 2010",Mandalay Bay Events Center,"Las Vegas, Nevada","10,753[1]","$2,273,000[1]","275,000[2]"
UFC 110: Nogueira vs. Velasquez,Ultimate Fighting Championship,21 February 2010,Acer Arena,"Sydney, Australia","17,431[1]","$2,500,000[1]","240,000[2]"
UFC Live: Vera vs. Jones,Ultimate Fighting Championship,"March 21, 2010",1stBank Center,"Broomfield, Colorado[1]","6,443[2]","$568,125[2]",nan
UFC 111: St-Pierre vs. Hardy,Ultimate Fighting Championship,"March 27, 2010",Prudential Center,"Newark, New Jersey","17,000[1]","$4,000,000[1]","770,000[2]"
UFC Fight Night: Florian vs. Gomi,Ultimate Fighting Championship,"March 31, 2010",Bojangles' Coliseum,"Charlotte, North Carolina","7,700[1]","$590,685[1]",nan
UFC 112: Invincible,Ultimate Fighting Championship,"April 10, 2010","Concert Arena, Yas Island","Abu Dhabi, United Arab Emirates","11,008[1]","$3,500,000[1]","500,000[2]"
UFC 113: Machida vs. Shogun 2,Ultimate Fighting Championship,"May 8, 2010",Bell Centre,"Montreal, Quebec, Canada","17,647[1]","$3,270,000[1]","520,000[2]"
UFC 114: Rampage vs. Evans,Ultimate Fighting Championship,"May 29, 2010",MGM Grand Garden Arena,"Las Vegas, Nevada","14,996[1]","$3,895,000[1]","1,050,000[2]"
UFC 115: Liddell vs. Franklin,Ultimate Fighting Championship,"June 12, 2010",General Motors Place,"Vancouver, British Columbia, Canada","17,669[1]","$4,221,787[1]","520,000[2]"
The Ultimate Fighter: Team Liddell vs. Team Ortiz Finale,Ultimate Fighting Championship,"June 19, 2010",Palms Casino Resort,"Las Vegas, Nevada","1,708[14]","$430,000[14]",nan
UFC 116: Lesnar vs. Carwin,Ultimate Fighting Championship,"July 3, 2010",MGM Grand Garden Arena,"Las Vegas, Nevada","12,740[1]","$2,053,990[1]","1,160,000[2]"
UFC Live: Jones vs. Matyushenko,Ultimate Fighting Championship,"August 1, 2010",Valley View Casino Center,"San Diego, California","8,132[1]","$489,685[1]",nan
UFC 117: Silva vs. Sonnen,Ultimate Fighting Championship,"August 7, 2010",Oracle Arena,"Oakland, California","12,971[1]","$1,560,000[1]","600,000[2]"
UFC 118: Edgar vs. Penn 2,Ultimate Fighting Championship,"August 28, 2010",TD Garden,"Boston, Massachusetts","14,168[1]","$2,800,000[1]","570,000[2]"
UFC Fight Night: Marquardt vs. Palhares,Ultimate Fighting Championship,"September 15, 2010",Frank Erwin Center,"Austin, Texas","7,724[1]","$595,900[1]",nan
UFC 119: Mir vs. Cro Cop,Ultimate Fighting Championship,"September 25, 2010",Conseco Fieldhouse,"Indianapolis, Indiana","15,811[1]","$1,600,000[2]","295,000[3]"
UFC 120: Bisping vs. Akiyama,Ultimate Fighting Championship,"October 16, 2010",O2 Arena,"London, United Kingdom","17,133[1]","$2,560,000[1]",nan
UFC 121: Lesnar vs. Velasquez,Ultimate Fighting Championship,"October 23, 2010",Honda Center,"Anaheim, California","14,856[1]","$2,237,000[1]","1,050,000[2]"
UFC 122: Marquardt vs. Okami,Ultimate Fighting Championship,"November 13, 2010",König Pilsener Arena,"Oberhausen, Germany","8,421[1]","$600,000[1]",nan
UFC 123: Rampage vs. Machida,Ultimate Fighting Championship,"November 20, 2010",The Palace of Auburn Hills,"Auburn Hills, Michigan","16,404[1]","$2,100,000","500,000[2]"
The Ultimate Fighter: Team GSP vs. Team Koscheck Finale,Ultimate Fighting Championship,"December 4, 2010",Palms Casino Resort,"Las Vegas, Nevada","1,903[9]","$380,025[9]",nan
UFC 124: St-Pierre vs. Koscheck 2,Ultimate Fighting Championship,"December 11, 2010",Bell Centre,"Montreal, Quebec, Canada","23,152[1]","$4,600,000[1]","800,000[2]"
UFC 125: Resolution,Ultimate Fighting Championship,"January 1, 2011",MGM Grand Garden Arena,"Las Vegas, Nevada","12,874[1]","$2,174,780[1]","270,000[2]"
UFC: Fight for the Troops 2,Ultimate Fighting Championship,"January 22, 2011",Fort Hood,"Killeen, Texas","3,200[1]",nan,nan
UFC 126: Silva vs. Belfort,Ultimate Fighting Championship,"February 5, 2011",Mandalay Bay Events Center,"Las Vegas, Nevada","10,893 [1]","$3,600,000[1]","725,000[2]"
UFC 127: Penn vs. Fitch,Ultimate Fighting Championship,27 February 2011,Acer Arena,"Sydney, Australia","18,186[1]","$3,500,000[1]","260,000[2]"
UFC Live: Sanchez vs. Kampmann,Ultimate Fighting Championship,"March 3, 2011",KFC Yum! Center,"Louisville, Kentucky","8,319[1]","$471,450[1]",nan
UFC 128: Shogun vs Jones,Ultimate Fighting Championship,"March 19, 2011",Prudential Center,"Newark, New Jersey","12,619[1]","$2,140,000[1]","490,000[2]"
UFC Fight Night: Nogueira vs. Davis,Ultimate Fighting Championship,"March 26, 2011",KeyArena,"Seattle, Washington","13,741[1]","$1,182,850[1]",nan
UFC 129: St-Pierre vs. Shields,Ultimate Fighting Championship,"April 30, 2011",Rogers Centre,"Toronto, Ontario, Canada","55,724[1]","$12,075,000[1]","800,000[2]"
UFC 130: Rampage vs. Hamill,Ultimate Fighting Championship,"May 28, 2011",MGM Grand Garden Arena,"Las Vegas, Nevada","12,753[1]","$2,580,000[1]","325,000[2]"
The Ultimate Fighter: Team Lesnar vs. Team dos Santos Finale,Ultimate Fighting Championship,"June 4, 2011",Palms Casino Resort,"Las Vegas, Nevada","2,053[15]","$440,150[15]",nan
UFC 131: dos Santos vs. Carwin,Ultimate Fighting Championship,11 June 2011,Rogers Arena,"Vancouver, British Columbia, Canada","14,685 [1]","$2,800,000[1]","330,000[2]"
UFC Live: Kongo vs. Barry,Ultimate Fighting Championship,"June 26, 2011",Consol Energy Center,"Pittsburgh, Pennsylvania","7,792[1]","$562,000[1]",nan
UFC 132: Cruz vs. Faber 2,Ultimate Fighting Championship,"July 2, 2011",MGM Grand Garden Arena,"Las Vegas, Nevada","13,109[1]","$2,304,500[1]","350,000[2]"
UFC 133: Evans vs. Ortiz,Ultimate Fighting Championship,"August 6, 2011",Wells Fargo Center,"Philadelphia, Pennsylvania","11,583[1]","$1,500,000[1]","310,000[2]"
UFC Live: Hardy vs. Lytle,Ultimate Fighting Championship,"August 14, 2011",Bradley Center,"Milwaukee, Wisconsin","6,751[1]","$539,000[1]",nan
UFC 134: Silva vs. Okami 2,Ultimate Fighting Championship,"August 27, 2011",HSBC Arena,"Rio de Janeiro, Brazil","14,000[1]",nan,"335,000[2]"
UFC Fight Night: Shields vs. Ellenberger,Ultimate Fighting Championship,"September 17, 2011",Morial Convention Center,"New Orleans, Louisiana","7,112[1]","$685,000[1]",nan
UFC 135: Jones vs. Rampage,Ultimate Fighting Championship,"September 24, 2011",Pepsi Center,"Denver, Colorado","16,344[1]","$2,089,575[1]","520,000[2]"
UFC Live: Cruz vs. Johnson,Ultimate Fighting Championship,"October 1, 2011",Verizon Center,"Washington, D.C.","9,380[1]","$706,775[1]",nan
UFC 136: Edgar vs. Maynard III,Ultimate Fighting Championship,"October 8, 2011",Toyota Center,"Houston, Texas","16,164[1]","$2,230,000[1]","225,000[2]"
UFC 137: Penn vs. Diaz,Ultimate Fighting Championship,"October 29, 2011",Mandalay Bay Events Center,"Las Vegas, Nevada","10,313[1]","$3,900,650[1]","280,000[2]"
UFC 138: Leben vs. Muñoz,Ultimate Fighting Championship,"November 5, 2011",LG Arena,"Birmingham, United Kingdom","10,823[1]","$1,500,000[1]",nan
UFC on Fox: Velasquez vs. dos Santos,Ultimate Fighting Championship,"November 12, 2011",Honda Center,"Anaheim, California","11,607[1]","$1,072,187[1]",nan
UFC 139: Shogun vs. Henderson,Ultimate Fighting Championship,"November 19, 2011",HP Pavilion,"San Jose, California","13,832[1]","$1,268,000[1]","290,000[2]"
The Ultimate Fighter: Team Bisping vs. Team Miller Finale,Ultimate Fighting Championship,"December 3, 2011",Palms Casino Resort,"Las Vegas, Nevada","1,909[8]","$452,700[8]",nan
UFC 140: Jones vs. Machida,Ultimate Fighting Championship,"December 10, 2011",Air Canada Centre,"Toronto, Ontario, Canada","18,303","$3,900,000","480,000[1]"
UFC 141: Lesnar vs. Overeem,Ultimate Fighting Championship,"December 30, 2011",MGM Grand Garden Arena,"Las Vegas, Nevada","13,793[1]","$3,100,000[1]","780,000[2]"
UFC 142: Aldo vs. Mendes,Ultimate Fighting Championship,"January 14, 2012",HSBC Arena,"Rio de Janeiro, Brazil","10,605[1]",nan,"235,000[2]"
UFC on FX: Guillard vs. Miller,Ultimate Fighting Championship,"January 20, 2012",Bridgestone Arena,"Nashville, Tennessee","7,728[1]","$334,860[1]",nan
UFC 149: Faber vs. Barão,Ultimate Fighting Championship,"July 21, 2012",Scotiabank Saddledome,"Calgary, Alberta, Canada","16,089[75]","$4,100,000[75]","235,000[76]"
UFC on Fox: Shogun vs. Vera,Ultimate Fighting Championship,"August 4, 2012",Staples Center,"Los Angeles, California","16,080","$1,100,000[1]",nan
UFC 150: Henderson vs. Edgar II,Ultimate Fighting Championship,"August 11, 2012",Pepsi Center,"Denver, Colorado","13,027[1]","$619,955[1]","190,000[2]"
UFC 151: Jones vs. Henderson,Ultimate Fighting Championship,Cancelled,Mandalay Bay Events Center,"Las Vegas, Nevada",nan,nan,nan
UFC 152: Jones vs. Belfort,Ultimate Fighting Championship,"September 22, 2012",Air Canada Centre,"Toronto, Ontario, Canada","16,800[1]","$1,921,000 [1]","450,000 [2]"
UFC on Fuel TV: Struve vs. Miocic,Ultimate Fighting Championship,"September 29, 2012",Capital FM Arena,"Nottingham, United Kingdom","7,241[1]","$970,000[1]",nan
UFC on FX: Browne vs. Bigfoot,Ultimate Fighting Championship,"October 5, 2012",Target Center,"Minneapolis, Minnesota","7,049[1]","$358,000[1]",nan
UFC 153: Silva vs. Bonnar,Ultimate Fighting Championship,"October 13, 2012",HSBC Arena,"Rio de Janeiro, Brazil","16,844[1]",$2.5–$2.6 million[1],"410,000[2]"
UFC on Fuel TV: Franklin vs. Le,Ultimate Fighting Championship,"November 10, 2012",CotaiArena,"Macau, SAR, China","8,415[1]","$1,300,000[1]",nan
UFC 154: St-Pierre vs. Condit,Ultimate Fighting Championship,"November 17, 2012",Bell Centre,"Montreal, Quebec, Canada","17,249[1]","$3,143,000[1]","700,000[2]"
UFC on Fox: Henderson vs. Diaz,Ultimate Fighting Championship,"December 8, 2012",KeyArena,"Seattle, Washington","14,387[1]","$1,522,600[1]",nan
UFC on FX: Sotiropoulos vs. Pearson,Ultimate Fighting Championship,"December 15, 2012",Gold Coast Convention and Exhibition Centre,"Queensland, Australia","5,133[7]","$900,000[7]",nan
The Ultimate Fighter: Team Carwin vs. Team Nelson Finale,Ultimate Fighting Championship,"December 15, 2012",Hard Rock Hotel and Casino,"Las Vegas, Nevada","2,427[1]","$569,075[1]",nan
UFC 155: dos Santos vs. Velasquez 2,Ultimate Fighting Championship,"December 29, 2012",MGM Grand Garden Arena,"Las Vegas, Nevada","13,561[1]","$3,286,025[1]","590,000[2]"
UFC on Fox: Henderson vs. Melendez,Ultimate Fighting Championship,"April 20, 2013",HP Pavilion,"San Jose, California","13,506[24]",$1.333 million[24],nan
UFC 159: Jones vs. Sonnen,Ultimate Fighting Championship,"April 27, 2013",Prudential Center,"Newark, New Jersey","15,227[1]","$2,700,000[1]","530,000[2]"
UFC on FX: Belfort vs. Rockhold,Ultimate Fighting Championship,"May 18, 2013",Arena Jaraguá,"Jaraguá do Sul, Brazil","7,642[1]",nan,nan
UFC 160: Velasquez vs. Bigfoot 2,Ultimate Fighting Championship,"May 25, 2013",MGM Grand Garden Arena,"Las Vegas, Nevada","12,380[1]",$2.942 million[1],"380,000[2]"
UFC on Fuel TV: Nogueira vs. Werdum,Ultimate Fighting Championship,"June 8, 2013",Ginásio Paulo Sarasate,"Fortaleza, Brazil","6,286[8]",nan,nan
UFC 161: Evans vs. Henderson,Ultimate Fighting Championship,"June 15, 2013",MTS Centre,"Winnipeg, Manitoba, Canada","14,754[1]",$3.15 million[1],"140,000[2]"
UFC 162: Silva vs. Weidman,Ultimate Fighting Championship,"July 6, 2013",MGM Grand Garden Arena,"Las Vegas, Nevada","12,964[1]",$4.826 million[1],"550,000[2]"
UFC on Fox: Johnson vs. Moraga,Ultimate Fighting Championship,"July 27, 2013",KeyArena,"Seattle, Washington","8,967[1]","$700,081[1]",nan
UFC 163: Aldo vs. Korean Zombie,Ultimate Fighting Championship,"August 3, 2013",HSBC Arena,"Rio De Janeiro, Brazil","13,873[1]",nan,"180,000[2]"
UFC Fight Night: Shogun vs. Sonnen,Ultimate Fighting Championship,"August 17, 2013",TD Garden,"Boston, Massachusetts","14,181[1]","$1,534,000[1]",nan
UFC Fight Night: Condit vs. Kampmann 2,Ultimate Fighting Championship,"August 28, 2013",Bankers Life Fieldhouse,"Indianapolis, Indiana","6,417[1]","$355,290[1]",nan
UFC 164: Henderson vs. Pettis II,Ultimate Fighting Championship,"August 31, 2013",BMO Harris Bradley Center,"Milwaukee, Wisconsin","9,178[1]","$907,116[1]","270,000[2]"
UFC Fight Night: Teixeira vs. Bader,Ultimate Fighting Championship,"September 4, 2013",Mineirinho Arena,"Belo Horizonte, Brazil","5,126[1]",nan,nan
UFC 165: Jones vs. Gustafsson,Ultimate Fighting Championship,"September 21, 2013",Air Canada Centre,"Toronto, Ontario, Canada","15,504[1]",$1.9 million[1],"310,000[2]"
UFC Fight Night: Maia vs. Shields,Ultimate Fighting Championship,"October 9, 2013",Ginásio José Corrêa,"Barueri, Brazil","6,621[1]",nan,nan
UFC 166: Velasquez vs. dos Santos III,Ultimate Fighting Championship,"October 19, 2013",Toyota Center,"Houston, Texas","17,238[1]",$2.5 million[1],"330,000[2]"
UFC Fight Night: Machida vs. Muñoz,Ultimate Fighting Championship,"October 26, 2013",Phones 4u Arena,"Manchester, United Kingdom","10,355[1]",$1.5 million[1],nan
UFC: Fight for the Troops 3,Ultimate Fighting Championship,"November 6, 2013",Fort Campbell,"Fort Campbell, Kentucky",nan,nan,nan
UFC Fight Night: Belfort vs. Henderson 2,Ultimate Fighting Championship,"November 9, 2013",Goiânia Arena,"Goiânia, Brazil","10,565[1]",nan,nan
UFC 167: St-Pierre vs. Hendricks,Ultimate Fighting Championship,"November 16, 2013",MGM Grand Garden Arena,"Las Vegas, Nevada","14,856[1]","$5,759,350[1]","630,000[2]"
The Ultimate Fighter: Team Rousey vs. Team Tate Finale,Ultimate Fighting Championship,"November 30, 2013",Mandalay Bay Events Center,"Las Vegas, Nevada","4,853[8]","$322,742.50[8]",nan
UFC Fight Night: Hunt vs. Bigfoot,Ultimate Fighting Championship,"December 7, 2013",Brisbane Entertainment Centre,"Brisbane, Queensland, Australia","11,393[1]",$1.785 million[1],nan
UFC on Fox: Johnson vs. Benavidez 2,Ultimate Fighting Championship,"December 14, 2013",Sleep Train Arena,"Sacramento, California","11,573[1]","$1,066,610[1]",nan
UFC 168: Weidman vs. Silva 2,Ultimate Fighting Championship,"December 28, 2013",MGM Grand Garden Arena,"Las Vegas, Nevada","15,650[1]","$6,238,792[2]","1,025,000[3]"
UFC Fight Night: Saffiedine vs. Lim,Ultimate Fighting Championship,"January 4, 2014",Marina Bay Sands,"Marina Bay, Singapore","5,216[1]",nan,nan
UFC Fight Night: Rockhold vs. Philippou,Ultimate Fighting Championship,"January 15, 2014",The Arena at Gwinnett Center,"Duluth, Georgia","5,822[1]","$231,951[1]",nan
UFC on Fox: Henderson vs. Thomson,Ultimate Fighting Championship,"January 25, 2014",United Center,"Chicago, Illinois","10,895[1]","$863,655[1]",nan
UFC 169: Barão vs. Faber II,Ultimate Fighting Championship,"February 1, 2014 (2014-02-01)",Prudential Center,"Newark, New Jersey","14,308[1]",$1.651 million[1],"230,000[2]"
UFC Fight Night: Machida vs. Mousasi,Ultimate Fighting Championship,"February 15, 2014",Arena Jaraguá,"Jaraguá do Sul, Brazil","7,511[1]",nan,nan
UFC 170: Rousey vs. McMann,Ultimate Fighting Championship,"February 22, 2014 (2014-02-22)",Mandalay Bay Events Center,"Las Vegas, Nevada","10,217[1]","$1,558,870[1]","340,000[2]"
The Ultimate Fighter China Finale: Kim vs. Hathaway,Ultimate Fighting Championship,"March 1, 2014",CotaiArena,"Macau, SAR, China","6,000[6]",nan,nan
UFC Fight Night: Gustafsson  vs. Manuwa,Ultimate Fighting Championship,"March 8, 2014 (2014-03-08)",The O2 Arena,"London, England","14,604[1]","$2,000,056[1]",nan
UFC 171: Hendricks vs. Lawler,Ultimate Fighting Championship,"March 15, 2014 (2014-03-15)",American Airlines Center,"Dallas, Texas","19,324[1]","$2,600,000[1]","300,000 [2]"
UFC Fight Night: Shogun vs. Henderson 2,Ultimate Fighting Championship,"March 23, 2014 (2014-03-23)",Ginásio Nélio Dias,"Natal, Brazil","6,828[1]",nan,nan
UFC Fight Night: Nogueira vs. Nelson,Ultimate Fighting Championship,"April 11, 2014 (2014-04-11)",du Arena,"Abu Dhabi, United Arab Emirates","7,963[1]","$1,800,000[1]",nan
The Ultimate Fighter Nations Finale: Bisping vs. Kennedy,Ultimate Fighting Championship,"April 16, 2014",Colisée Pepsi,"Quebec City, Quebec, Canada","5,029[6]","$340,000[6]",nan
UFC on Fox: Werdum vs. Browne,Ultimate Fighting Championship,"April 19, 2014",Amway Center,"Orlando, Florida","14,410[1]","$1,651,776[1]",nan
UFC 172: Jones vs. Teixeira,Ultimate Fighting Championship,"April 26, 2014 (2014-04-26)",Baltimore Arena,"Baltimore, Maryland","13,485[1]",$2.3 million[1],"350,000 [2]"
UFC Fight Night: Brown vs. Silva,Ultimate Fighting Championship,"May 10, 2014 (2014-05-10)",U.S. Bank Arena,"Cincinnati, Ohio","6,143[1]","$415,000[1]",nan
UFC 173: Barão vs. Dillashaw,Ultimate Fighting Championship,"May 24, 2014 (2014-05-24)",MGM Grand Garden Arena,"Las Vegas, Nevada","11,036[1]",$1.7 million[1],"215,000 [2]"
UFC Fight Night: Muñoz vs. Mousasi,Ultimate Fighting Championship,"May 31, 2014 (2014-05-31)",O2 World,"Berlin, Germany","8,000[1]",nan,nan
The Ultimate Fighter Brazil 3 Finale: Miocic vs. Maldonado,Ultimate Fighting Championship,"May 31, 2014",Ginásio do Ibirapuera,"São Paulo, Brazil","8,986[7]",nan,nan
UFC Fight Night: Henderson vs. Khabilov,Ultimate Fighting Championship,"June 7, 2014 (2014-06-07)",Tingley Coliseum,"Albuquerque, New Mexico","8,775[1]","$697,901[1]",nan
UFC 174: Johnson vs. Bagautinov,Ultimate Fighting Championship,"June 14, 2014 (2014-06-14)",Rogers Arena,"Vancouver, British Columbia, Canada","7004135060000000000♠13,506[1]",$1.14 million[1],"115,000[2]"
UFC Fight Night: Te Huna vs. Marquardt,Ultimate Fighting Championship,"June 28, 2014 (2014-06-28)",Vector Arena,"Auckland, New Zealand","7003808900000000000♠8,089[1]","$913,000[1]",nan
UFC Fight Night: Swanson vs. Stephens,Ultimate Fighting Championship,"June 28, 2014 (2014-06-28)",AT&T Center,"San Antonio, Texas","9,227[1]","$728,358[1]",nan
UFC 175: Weidman vs. Machida,Ultimate Fighting Championship,"July 5, 2014 (2014-07-05)",Mandalay Bay Events Center,"Las Vegas, Nevada","10,088[1]","$4,400,000[1]","545,000[2]"
The Ultimate Fighter: Team Edgar vs. Team Penn Finale,Ultimate Fighting Championship,"July 6, 2014",Mandalay Bay Events Center,"Las Vegas, Nevada","6,500[4]","$835,000[4]",nan
UFC Fight Night: Cerrone vs. Miller,Ultimate Fighting Championship,"July 16, 2014 (2014-07-16)",Revel Casino Hotel,"Atlantic City, New Jersey","4,115[1]",nan,nan
UFC Fight Night: McGregor vs. Brandao,Ultimate Fighting Championship,"July 19, 2014 (2014-07-19)",The O2,"Dublin, Ireland","7003950000000000000♠9,500[1]",$1.4 million[1],nan
UFC on Fox: Lawler vs Brown,Ultimate Fighting Championship,"July 26, 2014 (2014-07-26)",SAP Center,"San Jose, California","7004114820000000000♠11,482[1]","$735,317[1]",nan
UFC 176: Aldo vs. Mendes II,Ultimate Fighting Championship,Cancelled,Staples Center,"Los Angeles, California",nan,nan,nan
UFC Fight Night: Bader vs. Saint Preux,Ultimate Fighting Championship,"August 16, 2014 (2014-08-16)",Cross Insurance Center,"Bangor, Maine","7003532900000000000♠5,329[1]","$321,470[1]",nan
UFC Fight Night: Bisping vs. Le,Ultimate Fighting Championship,"August 23, 2014 (2014-08-23)",CotaiArena,"Macau, SAR, China","7,022[1]",nan,nan
UFC Fight Night: Henderson vs. dos Anjos,Ultimate Fighting Championship,"August 23, 2014 (2014-08-23)",BOK Center,"Tulsa, Oklahoma","7003711900000000000♠7,119[1]","$452,075[1]",nan
UFC 177: Dillashaw vs. Soto,Ultimate Fighting Championship,"August 30, 2014 (2014-08-30)",Sleep Train Arena,"Sacramento, California","7004111000000000000♠11,100[1]","$700,000[1]","125,000[2]"
UFC Fight Night: Jacaré vs. Mousasi,Ultimate Fighting Championship,"September 5, 2014 (2014-09-05)",Foxwoods Resort Casino,"Mashantucket, Connecticut","7003408600000000000♠4,086[1]","$479,620[1]",nan
UFC Fight Night: Bigfoot vs. Arlovski,Ultimate Fighting Championship,"September 13, 2014 (2014-09-13)",Ginásio Nilson Nelson,"Brasília, Brazil","8,822[1]",nan,nan
UFC Fight Night: Hunt vs. Nelson,Ultimate Fighting Championship,"September 20, 2014 (2014-09-20)",Saitama Super Arena,"Saitama, Japan","7004123950000000000♠12,395[1]",nan,nan
UFC 178: Johnson vs. Cariaso,Ultimate Fighting Championship,"September 27, 2014 (2014-09-27)",MGM Grand Garden Arena,"Las Vegas, Nevada","7004105440000000000♠10,544[1]",$2.2 million[1],"205,000[2][3]"
UFC Fight Night: Nelson vs. Story,Ultimate Fighting Championship,"October 4, 2014 (2014-10-04)",Ericsson Globe Arena,"Stockholm, Sweden","7004100260000000000♠10,026[1]",$1.1 million[1],nan
UFC Fight Night: MacDonald vs. Saffiedine,Ultimate Fighting Championship,"October 4, 2014 (2014-10-04)",Scotiabank Centre,"Halifax, Nova Scotia, Canada","7004107820000000000♠10,782[1]","$926,000[1]",nan
UFC 179: Aldo vs. Mendes 2,Ultimate Fighting Championship,"October 25, 2014 (2014-10-25)",Ginásio do Maracanãzinho,"Rio de Janeiro, Brazil","7004114150000000000♠11,415[1]",nan,"180,000[2]"
UFC Fight Night: Rockhold vs. Bisping,Ultimate Fighting Championship,"November 8, 2014 (2014-11-08)",Allphones Arena,"Sydney, Australia","7003990400000000000♠9,904[1]",$1.5 million[1],nan
UFC Fight Night: Shogun vs. Saint Preux,Ultimate Fighting Championship,"November 8, 2014 (2014-11-08)",Ginásio Municipal Tancredo Neves,"Uberlândia, Brazil","5,671[1]",nan,nan
UFC 180: Werdum vs. Hunt,Ultimate Fighting Championship,"November 15, 2014 (2014-11-15)",Arena Ciudad de México,"Mexico City, Mexico","7004210000000000000♠21,000[1]",nan,"185,000[2]"
UFC Fight Night: Edgar vs. Swanson,Ultimate Fighting Championship,"November 22, 2014",Frank Erwin Center,"Austin, Texas","7004101310000000000♠10,131[1]","$670,022[1]",nan
UFC 181: Hendricks vs. Lawler II,Ultimate Fighting Championship,"December 6, 2014 (2014-12-06)",Mandalay Bay Events Center,"Las Vegas, Nevada","7003961700000000000♠9,617[1]",$2.488 million[1],"400,000[2]"
The Ultimate Fighter: A Champion Will Be Crowned,Ultimate Fighting Championship,"December 12, 2014",Palms Casino Resort,"Las Vegas, Nevada","7003180000000000000♠1,800[8]","$143,000[8]",nan
UFC on Fox: dos Santos vs. Miocic,Ultimate Fighting Championship,"December 13, 2014 (2014-12-13)",U.S. Airways Center,"Phoenix, Arizona","7004153500000000000♠15,350[1]",$1.5 million[1],nan
UFC Fight Night: Machida vs. Dollaway,Ultimate Fighting Championship,"December 20, 2014 (2014-12-20)",Ginásio José Corrêa,"Barueri, Brazil",nan,nan,nan
UFC 182: Jones vs. Cormier,Ultimate Fighting Championship,"January 3, 2015 (2015-01-03)",MGM Grand Garden Arena,"Las Vegas, Nevada","11,575[1]","$3,700,000[1]","800,000[2]"
UFC Fight Night: McGregor vs Siver,Ultimate Fighting Championship,"January 18, 2015 (2015-01-18)",TD Garden,"Boston, Massachusetts","13,828[1]","$1,340,000[1]",nan
UFC on Fox: Gustafsson vs. Johnson,Ultimate Fighting Championship,"January 24, 2015 (2015-01-24)",Tele2 Arena,"Stockholm, Sweden","30,000[1]",$3.1 million[1],nan
UFC 183: Silva vs. Diaz,Ultimate Fighting Championship,"January 31, 2015 (2015-01-31)",MGM Grand Garden Arena,"Las Vegas, Nevada","13,114[1]","$4,500,000[1]","650,000[2]"
UFC Fight Night: Henderson vs. Thatch,Ultimate Fighting Championship,"February 14, 2015 (2015-02-14)",1stBank Center,"Broomfield, Colorado","5,807[1]","$382,875[1]",nan
UFC Fight Night: Bigfoot vs. Mir,Ultimate Fighting Championship,"February 22, 2015 (2015-02-22)",Ginásio Gigantinho,"Porto Alegre, Brazil","5,080[1]",nan,nan
UFC 184: Rousey vs. Zingano,Ultimate Fighting Championship,"February 28, 2015 (2015-02-28)",Staples Center,"Los Angeles, California","16,577[1]","$2,675,560[1]","600,000[2]"
UFC 185: Pettis vs. dos Anjos,Ultimate Fighting Championship,"March 14, 2015 (2015-03-14)",American Airlines Center,"Dallas, Texas","14,298[1]","$2,155,630[1]","310,000[2]"
UFC Fight Night: Maia vs. LaFlare,Ultimate Fighting Championship,"March 21, 2015 (2015-03-21)",Ginásio do Maracanãzinho,"Rio de Janeiro, Brazil","7,707[1]",nan,nan
UFC Fight Night: Mendes vs. Lamas,Ultimate Fighting Championship,"April 4, 2015 (2015-04-04)",Patriot Center,"Fairfax, Virginia","5,417[1]","$545,604[1]",nan
UFC Fight Night: Gonzaga vs. Cro Cop 2,Ultimate Fighting Championship,"April 11, 2015 (2015-04-11)",Tauron Arena Kraków,"Kraków, Poland","10,000[1]","$720,000[1]",nan
UFC on Fox: Machida vs. Rockhold,Ultimate Fighting Championship,"April 18, 2015 (2015-04-18)",Prudential Center,"Newark, New Jersey","13,306[1]","$1,200,000[1]",nan
UFC 186: Johnson vs. Horiguchi,Ultimate Fighting Championship,"April 25, 2015 (2015-04-25)",Bell Centre,"Montreal, Quebec, Canada","10,154[1]","$668,000[1]","125,000[2]"
UFC Fight Night: Miocic vs. Hunt,Ultimate Fighting Championship,10 May 2015 (2015-05-10),Adelaide Entertainment Centre,"Adelaide, Australia","7,984[1]","$833,810[1]",nan
UFC Fight Night: Edgar vs. Faber,Ultimate Fighting Championship,"May 16, 2015 (2015-05-16)",Mall of Asia Arena,"Pasay, Philippines","13,446[1]",nan,nan
UFC 187: Johnson vs. Cormier,Ultimate Fighting Championship,"May 23, 2015 (2015-05-23)",MGM Grand Garden Arena,"Las Vegas, Nevada","12,615[1]","$5,189,623[2]","375,000[3]"
UFC Fight Night: Condit vs. Alves,Ultimate Fighting Championship,"May 30, 2015 (2015-05-30)",Goiânia Arena,"Goiânia, Brazil","3,500[1]",nan,nan
UFC Fight Night: Boetsch vs. Henderson,Ultimate Fighting Championship,"June 6, 2015 (2015-06-06)",Smoothie King Center,"New Orleans, Louisiana","6,231[1]","$621,523[1]",nan
UFC 188: Velasquez vs. Werdum,Ultimate Fighting Championship,"June 13, 2015 (2015-06-13)",Arena Ciudad de México,"Mexico City, Mexico","21,036[1]",nan,"300,000[2]"
UFC Fight Night: Jędrzejczyk vs. Penne,Ultimate Fighting Championship,"June 20, 2015 (2015-06-20)",O2 World,"Berlin, Germany","8,155[1]",nan,nan
UFC Fight Night: Machida vs. Romero,Ultimate Fighting Championship,"June 27, 2015 (2015-06-27)",Seminole Hard Rock Hotel and Casino,"Hollywood, Florida","7003560400000000000♠5,604[1]",nan,nan
UFC 189: Mendes vs. McGregor,Ultimate Fighting Championship,"July 11, 2015 (2015-07-11)",MGM Grand Garden Arena,"Las Vegas, Nevada","16,019[1]","$7,201,648[2]","825,000[3]"
The Ultimate Fighter: American Top Team vs. Blackzilians Finale,Ultimate Fighting Championship,"July 12, 2015 (2015-07-12)",MGM Grand Garden Arena,"Las Vegas, Nevada","4,844[4]","$291,000[4]",nan
UFC Fight Night:  Mir vs. Duffee,Ultimate Fighting Championship,"July 15, 2015 (2015-07-15)",Valley View Casino Center,"San Diego, California","5,471[1]","$412,000[1]",nan
UFC Fight Night: Bisping vs. Leites,Ultimate Fighting Championship,18 July 2015 (2015-07-18),The SSE Hydro,"Glasgow, Scotland","10,451[1]","$1,500,000[1]",nan
UFC on Fox: Dillashaw vs. Barão 2,Ultimate Fighting Championship,"July 25, 2015 (2015-07-25)",United Center,"Chicago, Illinois","11,663[1]","$1,200,000[1]",nan
UFC 190: Rousey vs. Correia,Ultimate Fighting Championship,"August 1, 2015 (2015-08-01)",HSBC Arena,"Rio de Janeiro, Brazil","14,723[1]",nan,"900,000 [2]"
UFC Fight Night: Teixeira vs. Saint Preux,Ultimate Fighting Championship,"August 8, 2015 (2015-08-08)",Bridgestone Arena,"Nashville, Tennessee","7,539[1]","$454,551[1]",nan
UFC Fight Night: Holloway vs. Oliveira,Ultimate Fighting Championship,"August 23, 2015 (2015-08-23)",SaskTel Centre,"Saskatoon, Saskatchewan, Canada","7,202[1]",nan,nan
UFC 191: Johnson vs Dodson 2,Ultimate Fighting Championship,"September 5, 2015 (2015-09-05)",MGM Grand Garden Arena,"Las Vegas, Nevada","10,873[1]","$1,362,700[1]","115,000[2]"
UFC Fight Night: Barnett vs. Nelson,Ultimate Fighting Championship,"September 27, 2015 (2015-09-27)",Saitama Super Arena,"Saitama, Japan","10,137[1]",nan,nan
UFC 192: Cormier vs. Gustafsson,Ultimate Fighting Championship,"October 3, 2015 (2015-10-03)",Toyota Center,"Houston, Texas","14,622[1]","$1,859,000[1]","250,000[2]"
UFC Fight Night: Holohan vs. Smolka,Ultimate Fighting Championship,"October 24, 2015 (2015-10-24)",3Arena,"Dublin, Ireland","9,500",nan,nan
UFC Fight Night: Belfort vs. Henderson 3,Ultimate Fighting Championship,"November 7, 2015",Ginásio do Ibirapuera,"São Paulo, Brazil","10,628[1]",nan,nan
UFC 193: Rousey vs. Holm,Ultimate Fighting Championship,"November 15, 2015 (2015-11-15)",Etihad Stadium,"Melbourne, Australia","56,214[1]","$6,800,000[1]","1,100,000[2]"
The Ultimate Fighter Latin America 2 Finale: Magny vs. Gastelum,Ultimate Fighting Championship,"November 21, 2015",Arena Monterrey,"Monterrey, Mexico","10,410[5]",nan,nan
UFC Fight Night: Henderson vs. Masvidal,Ultimate Fighting Championship,"November 28, 2015 (2015-11-28)",Olympic Gymnastics Arena,"Seoul, South Korea","12,156[1]",nan,nan
UFC Fight Night: Namajunas vs. VanZant,Ultimate Fighting Championship,"December 10, 2015 (2015-12-10)",The Chelsea at The Cosmopolitan,"Las Vegas, Nevada","1,643[1]","$234,725[1]",nan
The Ultimate Fighter: Team McGregor vs. Team Faber Finale,Ultimate Fighting Championship,"December 11, 2015 (2015-12-11)",The Chelsea at The Cosmopolitan,"Las Vegas, Nevada","1,800[10]","$450,000[10]",nan
UFC 194: Aldo vs. McGregor,Ultimate Fighting Championship,"December 12, 2015 (2015-12-12)",MGM Grand Garden Arena,"Las Vegas, Nevada","16,516[1]","$10,006,249[2]","1,200,000[3]"
UFC on Fox: dos Anjos vs. Cerrone 2,Ultimate Fighting Championship,"December 19, 2015 (2015-12-19)",Amway Center,"Orlando, Florida","14,459[1]","$1,710,000[1]",nan
UFC 195: Lawler vs. Condit,Ultimate Fighting Championship,"January 2, 2016 (2016-01-02)",MGM Grand Garden Arena,"Las Vegas, Nevada, U.S.","10,300[1]","$2,003,986[1]","300,000[2]"
UFC Fight Night: Dillashaw vs. Cruz,Ultimate Fighting Championship,"January 17, 2016 (2016-01-17)",TD Garden,"Boston, Massachusetts","12,790[1]","$1,300,000[1]",nan
UFC on Fox: Johnson vs. Bader,Ultimate Fighting Championship,"January 30, 2016 (2016-01-30)",Prudential Center,"Newark, New Jersey","10,555[1]","$818,000[1]",nan
UFC Fight Night: Hendricks vs. Thompson,Ultimate Fighting Championship,"February 6, 2016 (2016-02-06)",MGM Grand Garden Arena,"Las Vegas, Nevada","7,422[1]","$1,435,000[1]",nan
UFC Fight Night: Cowboy vs. Cowboy,Ultimate Fighting Championship,"February 21, 2016 (2016-02-21)",Consol Energy Center,"Pittsburgh, Pennsylvania","7,330[1]","$572,547[1]",nan
UFC Fight Night: Silva vs. Bisping,Ultimate Fighting Championship,27 February 2016,The O2 Arena,"London, England","16,734[1]","$2,000,000[1]",nan
UFC 196: McGregor vs. Diaz,Ultimate Fighting Championship,"March 5, 2016 (2016-03-05)",MGM Grand Garden Arena,"Las Vegas, Nevada","14,898[1]","$8,197,628[2]","1,317,000[3]"
UFC Fight Night: Hunt vs. Mir,Ultimate Fighting Championship,"March 20, 2016",Brisbane Entertainment Centre,"Brisbane, Australia","9,552[1]","$1,000,000[1]",nan
UFC Fight Night: Rothwell vs. dos Santos,Ultimate Fighting Championship,"April 10, 2016",Arena Zagreb,"Zagreb, Croatia","13,177[1]","$549,000[1]",nan
UFC on Fox: Teixeira vs. Evans,Ultimate Fighting Championship,"April 16, 2016",Amalie Arena,"Tampa, Florida","11,273[1]","$1,057,000[1]",nan
UFC 197: Jones vs. Saint Preux,Ultimate Fighting Championship,"April 23, 2016 (2016-04-23)",MGM Grand Garden Arena,"Las Vegas, Nevada","11,352 [1]","$2,300,000[1]","322,000[2][3]"
UFC Fight Night: Overeem vs. Arlovski,Ultimate Fighting Championship,"May 8, 2016",Ahoy Rotterdam,"Rotterdam, Netherlands","10,421[1]","$1,523,320[1]",nan
UFC 198: Werdum vs. Miocic,Ultimate Fighting Championship,"May 14, 2016",Arena da Baixada,"Curitiba, Brazil","45,207[1]",nan,"217,000[2][3]"
UFC Fight Night: Almeida vs. Garbrandt,Ultimate Fighting Championship,"May 29, 2016",Mandalay Bay Events Center,"Las Vegas, Nevada","5,193[1]","$359,000[1]",nan
UFC 199: Rockhold vs. Bisping 2,Ultimate Fighting Championship,"June 4, 2016 (2016-06-04)",The Forum,"Inglewood, California","15,587[1]","$2,168,675[1]","283,000-320,000[2][3]"
UFC Fight Night: MacDonald vs. Thompson,Ultimate Fighting Championship,"June 18, 2016",TD Place Arena,"Ottawa, Ontario, Canada","10,490[1]","$1,278,250[1]",nan
UFC Fight Night: Dos Anjos vs. Alvarez,Ultimate Fighting Championship,"July 7, 2016 (2016-07-07)",MGM Grand Garden Arena,"Las Vegas, Nevada","7,760[1]","$690,526[1]",nan
The Ultimate Fighter: Team Joanna vs. Team Cláudia Finale,Ultimate Fighting Championship,"July 8, 2016 (2016-07-08)",MGM Grand Garden Arena,"Las Vegas, Nevada","8,115[7]","$736,408[7]",nan
UFC 200: Tate vs. Nunes,Ultimate Fighting Championship,"July 9, 2016 (2016-07-09)",T-Mobile Arena,"Las Vegas, Nevada","18,202[1]","$10,746,248[2]","1,009,000[3][4]"
UFC Fight Night: McDonald vs. Lineker,Ultimate Fighting Championship,"July 13, 2016 (2016-07-13)",Denny Sanford Premier Center,"Sioux Falls, South Dakota","5,671[1]","$381,945[1]",nan
UFC on Fox: Holm vs. Shevchenko,Ultimate Fighting Championship,"July 23, 2016 (2016-07-23)",United Center,"Chicago, Illinois","10,287[1]","$1,000,000[1]",nan
UFC 201: Lawler vs. Woodley,Ultimate Fighting Championship,"July 30, 2016 (2016-07-30)",Philips Arena,"Atlanta, Georgia","10,240[1]","$1,070,000[1]","240,000[2]"
UFC Fight Night: Rodríguez vs Caceres,Ultimate Fighting Championship,"August 6, 2016 (2016-08-06)",Vivint Smart Home Arena,"Salt Lake City, Utah","6,689[1]","$481,033[1]",nan
UFC 202: Diaz vs. McGregor 2,Ultimate Fighting Championship,"August 20, 2016 (2016-08-20)",T-Mobile Arena,"Las Vegas, Nevada","15,539[1]","$7,700,810[2]","1,650,000[3]"
UFC on Fox: Maia vs Condit,Ultimate Fighting Championship,"August 27, 2016 (2016-08-27)",Rogers Arena,"Vancouver, British Columbia, Canada","10,533[1]","C$995,624[1]",nan
UFC Fight Night: Arlovski vs. Barnett,Ultimate Fighting Championship,"September 3, 2016 (2016-09-03)",Barclaycard Arena,"Hamburg, Germany","11,763[1]","$913,428[1]",nan
UFC 203: Miocic vs. Overeem,Ultimate Fighting Championship,"September 10, 2016 (2016-09-10)",Quicken Loans Arena,"Cleveland, Ohio","18,875[1]","$2,600,000[1]","450,000[2]"
UFC Fight Night: Poirier vs. Johnson,Ultimate Fighting Championship,"September 17, 2016 (2016-09-17)",State Farm Arena,"Hidalgo, Texas","5,624[1]","$323,419[1]",nan
UFC Fight Night: Cyborg vs. Länsberg,Ultimate Fighting Championship,"September 24, 2016 (2016-09-24)",Ginásio Nilson Nelson,"Brasília, Brazil","8,410[1]",nan,nan
UFC Fight Night: Lineker vs. Dodson,Ultimate Fighting Championship,"October 1, 2016 (2016-10-01)",Moda Center,"Portland, Oregon","6,240[1]","$501,035[1]",nan
UFC 204: Bisping vs Henderson 2,Ultimate Fighting Championship,"October 8, 2016 (2016-10-08)",Manchester Arena,"Manchester, England","16,000[1]","$1,960,000[1]","290,000 [2]"
UFC Fight Night: Lamas vs.Penn,Ultimate Fighting Championship,Cancelled,Mall of Asia Arena,"Pasay City, Philippines",nan,nan,nan
The Ultimate Fighter Latin America 3 Finale: dos Anjos vs. Ferguson,Ultimate Fighting Championship,"November 5, 2016 (2016-11-05)",Arena Ciudad de México,"Mexico City, Mexico","11,460[3]",nan,nan
UFC 205: Alvarez vs. McGregor,Ultimate Fighting Championship,"November 12, 2016 (2016-11-12)",Madison Square Garden,"New York City, New York","20,427[1]","$17,700,000[1]","1,300,000[2]"
UFC Fight Night: Mousasi vs. Hall 2,Ultimate Fighting Championship,19 November 2016,The SSE Arena,"Belfast, Northern Ireland","7,222[1]","$850,000[1]",nan
UFC Fight Night: Bader vs. Nogueira 2,Ultimate Fighting Championship,"November 19, 2016 (2016-11-19)",Ginásio do Ibirapuera,"São Paulo, Brazil","9,028[1]",nan,nan
UFC Fight Night: Whittaker vs. Brunson,Ultimate Fighting Championship,"November 27, 2016 (2016-11-27)",Rod Laver Arena,"Melbourne, Australia","13,721[1]","2,200,000 AUD[1]",nan
The Ultimate Fighter: Tournament of Champions Finale,Ultimate Fighting Championship,"December 3, 2016",Palms Casino Resort,"Las Vegas, Nevada","2,044[6]","$188,602[6]",nan
UFC Fight Night: Lewis vs. Abdurakhimov,Ultimate Fighting Championship,"December 9, 2016 (2016-12-09)",Times Union Center,"Albany, New York","6,216[1]","$411,000[1]",nan
UFC 206: Holloway vs. Pettis,Ultimate Fighting Championship,"December 10, 2016 (2016-12-10)",Air Canada Centre,"Toronto, Ontario, Canada","18,057[1]","$1,843,101[1]",nan
UFC on Fox: VanZant vs. Waterson,Ultimate Fighting Championship,"December 17, 2016 (2016-12-17)",Golden 1 Center,"Sacramento, California","10,525[1]","$1,238,992[1]",nan
UFC 207: Nunes vs. Rousey,Ultimate Fighting Championship,"December 30, 2016 (2016-12-30)",T-Mobile Arena,"Las Vegas, Nevada","18,533[1]","$4,750,000[1]","1,100,000[2]"
UFC Fight Night: Rodríguez vs. Penn,Ultimate Fighting Championship,"January 15, 2017 (2017-01-15)",Talking Stick Resort Arena,"Phoenix, Arizona","11,589[1]","$913,372.75[1]",nan
UFC on Fox: Shevchenko vs. Peña,Ultimate Fighting Championship,"January 28, 2017",Pepsi Center,"Denver, Colorado","13,233[1]","$1,020,434[1]",nan
UFC Fight Night: Bermudez vs. Korean Zombie,Ultimate Fighting Championship,"February 4, 2017 (2017-02-04)",Toyota Center,"Houston, Texas","8,119[1]","$611,133[1]",nan
UFC 208: Holm vs. de Randamie,Ultimate Fighting Championship,"February 11, 2017",Barclays Center,"Brooklyn, New York","15,628[1]","$2,275,105[1]",nan
UFC Fight Night: Lewis vs. Browne,Ultimate Fighting Championship,"February 19, 2017 (2017-02-19)",Scotiabank Centre,"Halifax, Nova Scotia, Canada","8,123[1]","$575,832[1]",nan
UFC 209: Woodley vs. Thompson 2,Ultimate Fighting Championship,"March 4, 2017",T-Mobile Arena,"Las Vegas, Nevada","13,150[1]","$ 2,385,230[1]",nan
UFC Fight Night: Belfort vs. Gastelum,Ultimate Fighting Championship,"March 11, 2017",Centro de Formação Olímpica do Nordeste,"Fortaleza, Brazil","14,069[1]",nan,nan
UFC Fight Night: Manuwa vs. Anderson,Ultimate Fighting Championship,18 March 2017,The O2 Arena,"London, England","15,761[1]","$2,015,777[1]",nan
UFC 210: Cormier vs Johnson 2,Ultimate Fighting Championship,"April 8, 2017",KeyBank Center,"Buffalo, New York","17,110[1]","$2,000,000 [1]","300,000[2]"
UFC on Fox: Johnson vs. Reis,Ultimate Fighting Championship,"April 15, 2017",Sprint Center,"Kansas City, Missouri","12,171[1]","$1,081,193 [1]",nan
UFC Fight Night: Swanson vs. Lobov,Ultimate Fighting Championship,"April 22, 2017 (2017-04-22)",Bridgestone Arena,"Nashville, Tennessee","10,144[1]","$755,180[1]",nan
UFC 211: Miocic vs dos Santos 2,Ultimate Fighting Championship,"May 13, 2017",American Airlines Center,"Dallas, Texas","17,834[1]","$2,662,645[1]",nan
UFC Fight Night: Gustafsson vs. Teixeira,Ultimate Fighting Championship,"May 28, 2017 (2017-05-28)",Ericsson Globe,"Stockholm, Sweden","12,668[1]","$1,920,000[1]",nan
UFC 212: Aldo vs. Holloway,Ultimate Fighting Championship,"June 3, 2017",Jeunesse Arena,"Rio de Janeiro, Brazil","15,412[1]",nan,nan
UFC Fight Night: Lewis vs. Hunt,Ultimate Fighting Championship,"June 11, 2017 (2017-06-11)",Spark Arena,"Auckland, New Zealand","7,468[1]","$800,298[1]",nan
UFC Fight Night: Holm vs. Correia,Ultimate Fighting Championship,"June 17, 2017 (2017-06-17)",Singapore Indoor Stadium,"Kallang, Singapore","8,414[1]","$839,300[1]",nan
UFC Fight Night: Chiesa vs. Lee,Ultimate Fighting Championship,"June 25, 2017 (2017-06-25)",Chesapeake Energy Arena,"Oklahoma City, Oklahoma","7,605[1]","$549,302[1]",nan
The Ultimate Fighter: Redemption Finale,Ultimate Fighting Championship,"July 7, 2017 (2017-07-07)",T-Mobile Arena,"Paradise, Nevada","6,308[4]","$432,495[4]",nan
UFC 213: Romero vs. Whittaker,Ultimate Fighting Championship,"July 8, 2017 (2017-07-08)",T-Mobile Arena,"Las Vegas, Nevada","12,834[1]","$2,400,000[1]","150,000"
UFC Fight Night: Nelson vs. Ponzinibbio,Ultimate Fighting Championship,16 July 2017 (2017-07-16),The SSE Hydro,"Glasgow, Scotland","10,589[1]","$1,200,000[1]",nan
UFC on Fox: Weidman vs. Gastelum,Ultimate Fighting Championship,"July 22, 2017",Nassau Veterans Memorial Coliseum,"Uniondale, New York","11,198[1]","$1,088,332[1]",nan
UFC 214: Cormier vs. Jones 2,Ultimate Fighting Championship,"July 29, 2017 (2017-07-29)",Honda Center,"Anaheim, California","16,610[1]","$2,448,870[1]","860,000[2]"
UFC Fight Night: Pettis vs. Moreno,Ultimate Fighting Championship,5 August 2017 (2017-08-05),Arena Ciudad de México,"Mexico City, Mexico","10,172[1]",nan,nan
UFC Fight Night: Volkov vs. Struve,Ultimate Fighting Championship,2 September 2017 (2017-09-02),Ahoy Rotterdam,"Rotterdam, Netherlands","10,224[1]","$900,000[1]",nan
UFC 215: Nunes vs. Shevchenko 2,Ultimate Fighting Championship,"September 9, 2017 (2017-09-09)",Rogers Place,"Edmonton, Alberta, Canada","16,232[1]","$2,028,307[1]","100,000[2]"
UFC Fight Night: Rockhold vs. Branch,Ultimate Fighting Championship,"September 16, 2017 (2017-09-16)",PPG Paints Arena,"Pittsburgh, Pennsylvania","7,005[1]","$396,190.75[1]",nan
UFC Fight Night: Saint Preux vs. Okami,Ultimate Fighting Championship,"September 23, 2017 (2017-09-23)",Saitama Super Arena,"Saitama, Japan","8,571[1]",nan,nan
UFC 216: Ferguson vs. Lee,Ultimate Fighting Championship,"October 7, 2017 (2017-10-07)",T-Mobile Arena,"Las Vegas, Nevada","10,638[1]","$677,999.50[1]","200,000[2]"
UFC Fight Night: Cowboy vs. Till,Ultimate Fighting Championship,"October 21, 2017 (2017-10-21)",Ergo Arena,"Gdańsk, Poland","11,138[1]","$677,000[1]",nan
UFC Fight Night: Brunson vs. Machida,Ultimate Fighting Championship,"October 28, 2017 (2017-10-28)",Ginásio do Ibirapuera,"São Paulo, Brazil","10,265[1]",nan,nan
UFC 217: Bisping vs. St-Pierre,Ultimate Fighting Championship,"November 4, 2017 (2017-11-04)",Madison Square Garden,"New York City, New York","18,201[1]","$6,200,000[1]","875,000"
UFC Fight Night: Poirier vs. Pettis,Ultimate Fighting Championship,"November 11, 2017 (2017-11-11)",Ted Constant Convocation Center,"Norfolk, Virginia","8,442[1]","$642,070[1]",nan
UFC Fight Night: Werdum vs. Tybura,Ultimate Fighting Championship,19 November 2017,Qudos Bank Arena,Sydney,"10,021[1]",nan,nan
UFC Fight Night: Bisping vs. Gastelum,Ultimate Fighting Championship,"November 25, 2017 (2017-11-25)",Mercedes Benz Arena,"Shanghai, China","15,128[1]",nan,nan
The Ultimate Fighter: A New World Champion Finale,Ultimate Fighting Championship,"December 1, 2017 (2017-12-01)",Park Theater,"Paradise, Nevada",nan,nan,nan
UFC 218: Holloway vs. Aldo 2,Ultimate Fighting Championship,"December 2, 2017 (2017-12-02)",Little Caesars Arena,"Detroit, Michigan","17,587[1]","$2,000,000[1]","230,000[2]"
UFC Fight Night: Swanson vs. Ortega,Ultimate Fighting Championship,"December 9, 2017 (2017-12-09)",Save Mart Center,"Fresno, California","7,605[1]","$568,290[1]",nan
UFC on Fox: Lawler vs. dos Anjos,Ultimate Fighting Championship,"December 16, 2017 (2017-12-16)",Bell MTS Place,"Winnipeg, Canada","8,862[1]","$781,359[1]",nan
UFC 219: Cyborg vs. Holm,Ultimate Fighting Championship,"December 30, 2017 (2017-12-30)",T-Mobile Arena,"Las Vegas, Nevada","13,561[1]","$1,760,628.74[1]",nan
UFC Fight Night: Stephens vs. Choi,Ultimate Fighting Championship,"January 14, 2018 (2018-01-14)",Scottrade Center,"St. Louis, Missouri, U.S.","10,052[1]","$812,995[1]",nan
UFC 220: Miocic vs. Ngannou,Ultimate Fighting Championship,"January 20, 2018 (2018-01-20)",TD Garden,"Boston, Massachusetts","16,015 [1]","$2,450,000[1]",nan
UFC on Fox: Jacaré vs. Brunson 2,Ultimate Fighting Championship,"January 27, 2018 (2018-01-27)",Spectrum Center,"Charlotte, North Carolina, U.S","10,249[1]","$944,202[1]",nan
UFC Fight Night: Machida vs. Anders,Ultimate Fighting Championship,"February 3, 2018 (2018-02-03)",Arena Guilherme Paraense,"Belém, Brazil","10,144 [1]",nan,nan
UFC 221: Romero vs. Rockhold,Ultimate Fighting Championship,"February 11, 2018 (2018-02-11)",Perth Arena,"Perth, Australia","12,437[1]","$2,810,520[1]",nan
UFC Fight Night: Cowboy vs. Medeiros,Ultimate Fighting Championship,"February 18, 2018 (2018-02-18)",Frank Erwin Center,"Austin, Texas","10,502[1]","$794,350[1]",nan
UFC on Fox: Emmett vs. Stephens,Ultimate Fighting Championship,"February 24, 2018 (2018-02-24)",Amway Center,"Orlando, Florida","10,124[1]","$1,064,303.50[1]",nan
UFC 222: Cyborg vs. Kunitskaya,Ultimate Fighting Championship,"March 3, 2018 (2018-03-03)",T-Mobile Arena,"Las Vegas, Nevada","12,041[1]","$1,367,672[1]",nan
UFC Fight Night: Werdum vs. Volkov,Ultimate Fighting Championship,"March 17, 2018 (2018-03-17)",The O2 Arena,"London, England","16,274[1]",nan,"$2,028,000[1]"
UFC 223: Khabib vs. Iaquinta,Ultimate Fighting Championship,"April 7, 2018 (2018-04-07)",Barclays Center,"Brooklyn, New York","17,026[1]","$3,007,108[1]",nan
UFC on Fox: Poirier vs. Gaethje,Ultimate Fighting Championship,"April 14, 2018",Gila River Arena,"Glendale, Arizona","11,382[1]","$1,085,712.25[1]",nan
UFC Fight Night: Barboza vs. Lee,Ultimate Fighting Championship,"April 21, 2018 (2018-04-21)",Boardwalk Hall,"Atlantic City, New Jersey","9,541[1]","$923,720[1]",nan
UFC 224: Nunes vs. Pennington,Ultimate Fighting Championship,"May 12, 2018 (2018-05-12)",Jeunesse Arena,"Rio de Janeiro, Brazil","10,696[1]",nan,nan
UFC Fight Night: Maia vs. Usman,Ultimate Fighting Championship,"May 19, 2018 (2018-05-19)",Movistar Arena,"Santiago, Chile","11,082[1]",nan,nan
UFC Fight Night: Thompson vs. Till,Ultimate Fighting Championship,"May 27, 2018 (2018-05-27)",Echo Arena,"Liverpool, England","8,520[1]","$1,300,000[1]",nan
UFC Fight Night: Rivera vs. Moraes,Ultimate Fighting Championship,"June 1, 2018 (2018-06-01)",Adirondack Bank Center,"Utica, New York","5,063[1]","$322,825 [1]",nan
UFC 225: Whittaker vs. Romero 2,Ultimate Fighting Championship,"June 9, 2018 (2018-06-09)",United Center,"Chicago, Illinois","18,117[1]","$2,550,000[1]","250,000[2]"
UFC Fight Night: Cowboy vs. Edwards,Ultimate Fighting Championship,"June 23, 2018 (2018-06-23)",Singapore Indoor Stadium,"Kallang, Singapore","6,419[1]",nan,nan
The Ultimate Fighter: Undefeated Finale,Ultimate Fighting Championship,"July 6, 2018",Pearl Theatre,"Paradise, Nevada","2,123[16]","$293,615.50[16]",nan
UFC 226: Miocic vs. Cormier,Ultimate Fighting Championship,"July 7, 2018 (2018-07-07)",T-Mobile Arena,"Paradise, Nevada","17,464 [1]","$5,677,238.21[1]",nan
UFC Fight Night: dos Santos vs. Ivanov,Ultimate Fighting Championship,"July 14, 2018 (2018-07-14)",CenturyLink Arena,"Boise, Idaho","5,648[1]","$591,575[1]",nan
UFC Fight Night: Shogun vs. Smith,Ultimate Fighting Championship,"July 22, 2018 (2018-07-22)",Barclaycard Arena,"Hamburg, Germany","7,798[1]","$750,000[1]",nan
UFC on Fox: Alvarez vs. Poirier 2,Ultimate Fighting Championship,"July 28, 2018 (2018-07-28)",Scotiabank Saddledome,"Calgary, Alberta, Canada","10,603[1]","$1.300,000[1]",nan
UFC 227: Dillashaw vs. Garbrandt 2,Ultimate Fighting Championship,"August 4, 2018 (2018-08-04)",Staples Center,"Los Angeles, California","17,794[1]","$2,850,000[1]","300,000[2]"
UFC Fight Night: Gaethje vs. Vick,Ultimate Fighting Championship,"August 25, 2018 (2018-08-25)",Pinnacle Bank Arena,"Lincoln, Nebraska","6,409[1]","$478,337[1]",nan
UFC 228: Woodley vs. Till,Ultimate Fighting Championship,"September 8, 2018 (2018-09-08)",American Airlines Center,"Dallas, Texas","14,073[1]","$1,700,000[1]",nan
UFC Fight Night: Hunt vs. Oliynyk,Ultimate Fighting Championship,"September 15, 2018 (2018-09-15)",Olimpiyskiy Stadium,"Moscow, Russia",nan,nan,nan
UFC Fight Night: Manuwa vs. Santos,Ultimate Fighting Championship,"September 22, 2018 (2018-09-22)",Ginásio do Ibirapuera,"São Paulo, Brazil",nan,nan,nan
UFC 229: Khabib vs. McGregor,Ultimate Fighting Championship,"October 6, 2018 (2018-10-06)",T-Mobile Arena,"Paradise, Nevada",nan,nan,nan
UFC Fight Night: Volkan vs. Smith,Ultimate Fighting Championship,"October 27, 2018 (2018-10-27)",Moncton Events Centre,"Moncton, New Brunswick, Canada",nan,nan,nan
UFC 230,Ultimate Fighting Championship,"November 3, 2018 (2018-11-03)",Madison Square Garden,"New York City, New York",nan,nan,nan
UFC Fight Night: Edgar vs. Korean Zombie,Ultimate Fighting Championship,"November 10, 2018 (2018-11-10)",Pepsi Center,"Denver, Colorado",nan,nan,nan
UFC Fight Night: Magny vs. Ponzinibbio,Ultimate Fighting Championship,"November 17, 2018 (2018-11-17)",Parque Polideportivo Roca,"Buenos Aires, Argentina",nan,nan,nan
UFC Fight Night: Blaydes vs. Ngannou 2,Ultimate Fighting Championship,"November 25, 2018 (2018-11-25)",Cadillac Arena,"Beijing, China",nan,nan,nan
The Ultimate Fighter: Heavy Hitters Finale,Ultimate Fighting Championship,"November 30, 2018 (2018-11-30)",Pearl Theatre at Palms Casino Resort,"Las Vegas, Nevada, United States",nan,nan,nan
UFC Fight Night: dos Santos vs. Tuivasa,Ultimate Fighting Championship,2 December 2018 (2018-12-02),Adelaide Entertainment Centre,"Adelaide, Australia",nan,nan,nan
UFC 231,Ultimate Fighting Championship,"December 8, 2018 (2018-12-08)",Scotiabank Arena,"Toronto, Ontario, Canada",nan,nan,nan
UFC on Fox 31,Ultimate Fighting Championship,"December 15, 2018 (2018-12-15)",Fiserv Forum,"Milwaukee, Wisconsin",nan,nan,nan
UFC 232,Ultimate Fighting Championship,"December 29, 2018 (2018-12-29)",T-Mobile Arena,"Paradise, Nevada",nan,nan,nan
