Date,Event,Promotion,Venue,City,Attendance,Gate,Buyrate
1993-11-12,UFC 1: The Beginning,Ultimate Fighting Championship,McNichols Sports Arena,"Denver, Colorado",7800.0,,86000.0
1994-03-11,UFC 2: No Way Out,Ultimate Fighting Championship,Mammoth Gardens,"Denver, Colorado",2000.0,,300000.0
1994-09-09,UFC 3: The American Dream,Ultimate Fighting Championship,Grady Cole Center,"Charlotte, North Carolina",3000.0,,90000.0
1994-12-16,UFC 4: Revenge of the Warriors,Ultimate Fighting Championship,Expo Square Pavilion,"Tulsa, Oklahoma",5857.0,,120000.0
1995-04-07,UFC 5: Gracie vs. Shamrock 2,Ultimate Fighting Championship,Independence Arena,"Charlotte, North Carolina",6000.0,,260000.0
1995-07-14,UFC 6: Shamrock vs. Severn,Ultimate Fighting Championship,Casper Events Center,"Casper, Wyoming",2700.0,,240000.0
1995-09-08,UFC 7,Ultimate Fighting Championship,Memorial Auditorium,"Buffalo, New York",9000.0,,190000.0
1995-12-16,Ultimate Ultimate 1995,Ultimate Fighting Championship,Mammoth Gardens,"Denver, Colorado",2800.0,,251000.0
1996-02-16,UFC 8: Shamrock vs. Leopoldo,Ultimate Fighting Championship,Ruben Rodriguez Coliseum,"Bayamón, Puerto Rico",13000.0,,300000.0
1996-05-17,UFC 9: Shamrock vs. Severn 2,Ultimate Fighting Championship,Cobo Arena,"Detroit, Michigan",10000.0,,141000.0
1996-07-12,UFC 10: The Tournament,Ultimate Fighting Championship,Fairgrounds Arena,"Birmingham, Alabama",4300.0,,96000.0
1996-09-20,UFC 11: The Proving Ground,Ultimate Fighting Championship,Augusta Civic Center,"Augusta, Georgia",4500.0,,92000.0
1996-12-07,Ultimate Ultimate 1996,Ultimate Fighting Championship,Fair Park Arena,"Birmingham, Alabama",6000.0,,120000.0
1997-02-07,UFC 12: Judgement Day,Ultimate Fighting Championship,Dothan Civic Center,"Dothan, Alabama",3100.0,,122000.0
1997-05-30,UFC 13: The Ultimate Force,Ultimate Fighting Championship,Augusta Civic Center,"Augusta, Georgia",5100.0,,
1997-07-27,UFC 14: Showdown,Ultimate Fighting Championship,Boutwell Auditorium,"Birmingham, Alabama",5000.0,,
1997-10-17,UFC 15: Collision Course,Ultimate Fighting Championship,Casino Magic Bay St. Louis,"Bay St. Louis, Mississippi",,,
1997-12-21,UFC Japan: Ultimate Japan,Ultimate Fighting Championship,Yokohama Arena,"Yokohama, Japan",5000.0,,
1998-03-13,UFC 16: Battle in the Bayou,Ultimate Fighting Championship,Pontchartrain Center,"New Orleans, Louisiana",4600.0,,
1998-05-15,UFC 17: Redemption,Ultimate Fighting Championship,Mobile Civic Center,"Mobile, Alabama",,,
1998-10-16,UFC Brazil: Ultimate Brazil,Ultimate Fighting Championship,Ginásio da Portuguesa,"Sao Paulo, Brazil",,,
1999-01-08,UFC 18: The Road to the Heavyweight Title,Ultimate Fighting Championship,Pontchartrain Center,"New Orleans, Louisiana",,,
1999-03-05,UFC 19: Ultimate Young Guns,Ultimate Fighting Championship,Casino Magic Bay St. Louis,"Bay St. Louis, Mississippi",,,
1999-05-07,UFC 20: Battle for the Gold,Ultimate Fighting Championship,Boutwell Auditorium,"Birmingham, Alabama",,,
1999-07-16,UFC 21: Return of the Champions,Ultimate Fighting Championship,Five Seasons Events Center,"Cedar Rapids, Iowa",,,
1999-09-24,UFC 22: Only One Can be Champion,Ultimate Fighting Championship,Lake Charles Civic Center,"Lake Charles, Louisiana",,,
1999-11-19,UFC 23: Ultimate Japan 2,Ultimate Fighting Championship,Tokyo Bay NK Hall,"Tokyo, Japan",,,
2000-03-10,UFC 24: First Defense,Ultimate Fighting Championship,Lake Charles Civic Center,"Lake Charles, Louisiana",,,
2000-04-14,UFC 25: Ultimate Japan 3,Ultimate Fighting Championship,Yoyogi National Gymnasium,"Tokyo, Japan",,,
2000-06-09,UFC 26: Ultimate Field of Dreams,Ultimate Fighting Championship,Five Seasons Events Center,"Cedar Rapids, Iowa",,,
2000-09-22,UFC 27: Ultimate Bad Boyz,Ultimate Fighting Championship,Lakefront Arena,"New Orleans, Louisiana",,,
2000-11-17,UFC 28: High Stakes,Ultimate Fighting Championship,Trump Taj Mahal,"Atlantic City, New Jersey",,,
2000-12-16,UFC 29: Defense of the Belts,Ultimate Fighting Championship,Differ Ariake Arena,"Tokyo, Japan",1414.0,,
2001-02-23,UFC 30: Battle on the Boardwalk,Ultimate Fighting Championship,Trump Taj Mahal,"Atlantic City, New Jersey",,,
2001-05-04,UFC 31: Locked and Loaded,Ultimate Fighting Championship,Trump Taj Mahal,"Atlantic City, New Jersey",,,
2001-06-29,UFC 32: Showdown in the Meadowlands,Ultimate Fighting Championship,Continental Airlines Arena,"East Rutherford, New Jersey",12500.0,,
2001-09-28,UFC 33: Victory in Vegas,Ultimate Fighting Championship,Mandalay Bay Events Center,"Las Vegas, Nevada",9500.0,816660.0,75000.0
2001-11-02,UFC 34: High Voltage,Ultimate Fighting Championship,MGM Grand Garden Arena,"Las Vegas, Nevada",9000.0,502550.0,65000.0
2002-01-11,UFC 35: Throwdown,Ultimate Fighting Championship,Mohegan Sun Arena,"Uncasville, Connecticut",9600.0,,35000.0
2002-03-22,UFC 36: Worlds Collide,Ultimate Fighting Championship,MGM Grand Arena,"Las Vegas, Nevada",10000.0,898850.0,55000.0
2002-05-10,UFC 37: High Impact,Ultimate Fighting Championship,CenturyTel Center,"Bossier City, Louisiana",7200.0,,50000.0
2002-06-22,UFC 37.5: As Real As It Gets,Ultimate Fighting Championship,Bellagio Hotel and Casino,"Las Vegas, Nevada",3700.0,,
2002-07-13,UFC 38: Brawl at the Hall,Ultimate Fighting Championship,Royal Albert Hall,"London, United Kingdom",3800.0,,45000.0
2002-09-27,UFC 39: The Warriors Return,Ultimate Fighting Championship,Mohegan Sun Arena,"Uncasville, Connecticut",7800.0,,45000.0
2002-11-22,UFC 40: Vendetta,Ultimate Fighting Championship,MGM Grand Arena,"Las Vegas, Nevada",13265.0,1540000.0,100000.0
2003-02-28,UFC 41: Onslaught,Ultimate Fighting Championship,Boardwalk Hall,"Atlantic City, New Jersey",13401.0,,60000.0
2003-04-25,UFC 42: Sudden Impact,Ultimate Fighting Championship,American Airlines Arena,"Miami, Florida",6700.0,,35000.0
2003-06-06,UFC 43: Meltdown,Ultimate Fighting Championship,Thomas and Mack Center,"Las Vegas, Nevada",9800.0,645140.0,49000.0
2003-09-26,UFC 44: Undisputed,Ultimate Fighting Championship,Mandalay Bay Events Center,"Las Vegas, Nevada",10400.0,127985.0,94000.0
2003-11-21,UFC 45: Revolution,Ultimate Fighting Championship,Mohegan Sun Arena,"Uncasville, Connecticut",9200.0,,40000.0
2004-01-31,UFC 46: Supernatural,Ultimate Fighting Championship,Mandalay Bay Events Center,"Las Vegas, Nevada",10700.0,1377000.0,80000.0
2004-04-02,UFC 47: It’s On!,Ultimate Fighting Championship,Mandalay Bay Events Center,"Las Vegas, Nevada",11437.0,1444020.0,105000.0
2004-06-19,UFC 48: Payback,Ultimate Fighting Championship,Mandalay Bay Events Center,"Las Vegas, Nevada",10000.0,901655.0,110000.0
2004-08-21,UFC 49: Unfinished Business,Ultimate Fighting Championship,MGM Grand Arena,"Las Vegas, Nevada",12100.0,1293035.0,80000.0
2004-10-22,UFC 50: The War of '04,Ultimate Fighting Championship,Trump Plaza,"Atlantic City, New Jersey",9000.0,,40000.0
2005-02-05,UFC 51: Super Saturday,Ultimate Fighting Championship,Mandalay Bay Events Center,"Las Vegas, Nevada",11072.0,1493000.0,105000.0
2005-04-09,The Ultimate Fighter: Team Couture vs. Team Liddell Finale,Ultimate Fighting Championship,Cox Pavilion,"Las Vegas, Nevada",,,
2005-04-16,UFC 52: Couture vs. Liddell,Ultimate Fighting Championship,MGM Grand Arena,"Las Vegas, Nevada",14562.0,2575450.0,280000.0
2005-06-04,UFC 53: Heavy Hitters,Ultimate Fighting Championship,Boardwalk Hall,"Atlantic City, New Jersey",12000.0,1100000.0,90000.0
2005-08-06,UFC Ultimate Fight Night,Ultimate Fighting Championship,Cox Pavilion,"Las Vegas, Nevada",,,
2005-08-20,UFC 54: Boiling Point,Ultimate Fighting Championship,MGM Grand Arena,"Las Vegas, Nevada",13520.0,2336000.0,150000.0
2005-10-03,Ultimate Fight Night 2,Ultimate Fighting Championship,Hard Rock Hotel and Casino,"Las Vegas, Nevada",,,
2005-10-07,UFC 55: Fury,Ultimate Fighting Championship,Mohegan Sun Arena,"Uncasville, Connecticut",8000.0,,125000.0
2005-11-05,The Ultimate Fighter: Team Hughes vs. Team Franklin Finale,Ultimate Fighting Championship,Hard Rock Hotel and Casino,"Las Vegas, Nevada",,,
2005-11-19,UFC 56: Full Force,Ultimate Fighting Championship,MGM Grand Arena,"Las Vegas, Nevada",12000.0,1986000.0,200000.0
2006-01-16,Ultimate Fight Night 3,Ultimate Fighting Championship,Hard Rock Hotel and Casino,"Las Vegas, Nevada",1008.0,144600.0,
2006-02-04,UFC 57: Liddell vs. Couture 3,Ultimate Fighting Championship,Mandalay Bay Events Center,"Las Vegas, Nevada",11000.0,3382400.0,400000.0
2006-03-04,UFC 58: USA vs. Canada,Ultimate Fighting Championship,Mandalay Bay Events Center,"Las Vegas, Nevada",9569.0,1758450.0,300000.0
2006-04-06,Ultimate Fight Night 4,Ultimate Fighting Championship,Hard Rock Hotel and Casino,"Las Vegas, Nevada",843.0,199150.0,
2006-04-15,UFC 59: Reality Check,Ultimate Fighting Championship,Arrowhead Pond,"Anaheim, California",13814.0,2191450.0,425000.0
2006-05-27,UFC 60: Hughes vs. Gracie,Ultimate Fighting Championship,Staples Center,"Los Angeles, California",14802.0,2900090.0,620000.0
2006-06-24,The Ultimate Fighter: Team Ortiz vs. Team Shamrock Finale,Ultimate Fighting Championship,Hard Rock Hotel and Casino,"Las Vegas, Nevada",,,
2006-06-28,Ultimate Fight Night 5,Ultimate Fighting Championship,Hard Rock Hotel and Casino,"Las Vegas, Nevada",954.0,134368.0,
2006-07-08,UFC 61: Bitter Rivals,Ultimate Fighting Championship,Mandalay Bay Events Center,"Las Vegas, Nevada",11167.0,3350775.0,775000.0
2006-08-17,UFC Fight Night: Sanchez vs. Parisyan,Ultimate Fighting Championship,Red Rock Resort Spa and Casino,"Las Vegas, Nevada",,,
2006-08-26,UFC 62: Liddell vs. Sobral,Ultimate Fighting Championship,Mandalay Bay Events Center,"Las Vegas, Nevada",9859.0,3040880.0,500000.0
2006-09-23,UFC 63: Hughes vs. Penn,Ultimate Fighting Championship,Arrowhead Pond,"Anaheim, California",12604.0,1582370.0,400000.0
2006-10-10,UFC: Ortiz vs. Shamrock 3: The Final Chapter,Ultimate Fighting Championship,Seminole Hard Rock Hotel and Casino,"Hollywood, Florida",3510.0,,
2006-10-14,UFC 64: Unstoppable,Ultimate Fighting Championship,Mandalay Bay Events Center,"Las Vegas, Nevada",10173.0,1790490.0,300000.0
2006-11-11,The Ultimate Fighter: The Comeback Finale,Ultimate Fighting Championship,Hard Rock Hotel and Casino,"Las Vegas, Nevada",,,
2006-11-18,UFC 65: Bad Intentions,Ultimate Fighting Championship,ARCO Arena,"Sacramento, California",14666.0,2138020.0,500000.0
2006-12-13,UFC Fight Night: Sanchez vs. Riggs,Ultimate Fighting Championship,MCAS Miramar,"San Diego, California",,,
2006-12-30,UFC 66: Liddell vs. Ortiz,Ultimate Fighting Championship,MGM Grand Garden Arena,"Las Vegas, Nevada",13761.0,5397300.0,1050000.0
2007-01-25,UFC Fight Night: Evans vs. Salmon,Ultimate Fighting Championship,Seminole Hard Rock Hotel and Casino,"Hollywood, Florida",,,
2007-02-03,UFC 67: All or Nothing,Ultimate Fighting Championship,Mandalay Bay Events Center,"Las Vegas, Nevada",10227.0,2767130.0,350000.0
2007-03-03,UFC 68: The Uprising,Ultimate Fighting Championship,Nationwide Arena,"Columbus, Ohio",19049.0,3014000.0,534000.0
2007-04-05,UFC Fight Night: Stevenson vs. Guillard,Ultimate Fighting Championship,Palms Casino Resort,"Las Vegas, Nevada",1734.0,,
2007-04-07,UFC 69: Shootout,Ultimate Fighting Championship,Toyota Center,"Houston, Texas",15269.0,2817200.0,400000.0
2007-04-21,UFC 70: Nations Collide,Ultimate Fighting Championship,Manchester Evening News Arena,"Manchester, United Kingdom",15114.0,2628472.0,
2007-05-26,UFC 71: Liddell vs. Jackson,Ultimate Fighting Championship,MGM Grand Garden Arena,"Las Vegas, Nevada",14728.0,4304000.0,675000.0
2007-06-12,UFC Fight Night: Stout vs. Fisher,Ultimate Fighting Championship,Seminole Hard Rock Hotel and Casino,"Hollywood, Florida",,,
2007-06-16,UFC 72: Victory,Ultimate Fighting Championship,The Odyssey,"Belfast, Northern Ireland, United Kingdom.",8000.0,,200000.0
2007-06-23,The Ultimate Fighter: Team Pulver vs. Team Penn Finale,Ultimate Fighting Championship,Palms Casino Resort,"Las Vegas, Nevada",,526000.0,
2007-07-07,UFC 73: Stacked,Ultimate Fighting Championship,ARCO Arena,"Sacramento, California",13183.0,1551920.0,425000.0
2007-08-25,UFC 74: Respect,Ultimate Fighting Championship,Mandalay Bay Events Center,"Las Vegas, Nevada",11118.0,3307000.0,520000.0
2007-09-08,UFC 75: Champion vs. Champion,Ultimate Fighting Championship,The O2 Arena,"London, United Kingdom",16235.0,,
2007-09-19,UFC Fight Night: Thomas vs. Florian,Ultimate Fighting Championship,Palms Casino Resort,"Las Vegas, Nevada",,270000.0,
2007-09-22,UFC 76: Knockout,Ultimate Fighting Championship,Honda Center,"Anaheim, California",13770.0,1985000.0,475000.0
2007-10-20,UFC 77: Hostile Territory,Ultimate Fighting Championship,U.S. Bank Arena,"Cincinnati, Ohio",16054.0,2540000.0,325000.0
2007-11-17,UFC 78: Validation,Ultimate Fighting Championship,Prudential Center,"Newark, New Jersey",14071.0,2100000.0,400000.0
2007-12-08,The Ultimate Fighter: Team Hughes vs. Team Serra Finale,Ultimate Fighting Championship,Palms Casino Resort,"Las Vegas, Nevada",,,
2007-12-29,UFC 79: Nemesis,Ultimate Fighting Championship,Mandalay Bay Events Center,"Las Vegas, Nevada",11075.0,4994000.0,650000.0
2008-01-19,UFC 80: Rapid Fire,Ultimate Fighting Championship,Metro Radio Arena,"Newcastle, United Kingdom",8412.0,1250000.0,225000.0
2008-01-23,UFC Fight Night: Swick vs. Burkman,Ultimate Fighting Championship,Palms Casino Resort,"Las Vegas, Nevada",,,
2008-02-02,UFC 81: Breaking Point,Ultimate Fighting Championship,Mandalay Bay Events Center,"Las Vegas, Nevada",10583.0,2437890.0,600000.0
2008-03-01,UFC 82: Pride of a Champion,Ultimate Fighting Championship,Nationwide Arena,"Columbus, Ohio",16431.0,2200000.0,325000.0
2008-04-02,UFC Fight Night: Florian vs. Lauzon,Ultimate Fighting Championship,Broomfield Event Center,"Broomfield, Colorado",6742.0,753429.0,
2008-04-19,UFC 83: Serra vs. St-Pierre 2,Ultimate Fighting Championship,Bell Centre,"Montreal, Quebec, Canada",21390.0,5100000.0,530000.0
2008-05-24,UFC 84: Ill Will,Ultimate Fighting Championship,MGM Grand Garden Arena,"Las Vegas, Nevada",14773.0,3732000.0,475000.0
2008-06-07,UFC 85: Bedlam,Ultimate Fighting Championship,The O2 Arena,"London, United Kingdom",15327.0,,215000.0
2008-06-21,The Ultimate Fighter: Team Rampage vs. Team Forrest Finale,Ultimate Fighting Championship,Palms Casino Resort,"Las Vegas, Nevada",2500.0,495350.0,
2008-07-05,UFC 86: Jackson vs. Griffin,Ultimate Fighting Championship,Mandalay Bay Events Center,"Las Vegas, Nevada",10990.0,3350730.0,540000.0
2008-07-19,UFC Fight Night: Silva vs. Irvin,Ultimate Fighting Championship,Palms Casino Resort,"Las Vegas, Nevada",2071.0,,100000.0
2008-08-09,UFC 87: Seek and Destroy,Ultimate Fighting Championship,Target Center,"Minneapolis, Minnesota",15087.0,2252000.0,625000.0
2008-09-06,UFC 88: Breakthrough,Ultimate Fighting Championship,Philips Arena,"Atlanta, Georgia",14736.0,2600000.0,480000.0
2008-09-17,UFC Fight Night: Diaz vs. Neer,Ultimate Fighting Championship,Omaha Civic Auditorium,"Omaha, Nebraska",9103.0,700000.0,
2008-10-18,UFC 89: Bisping vs. Leben,Ultimate Fighting Championship,National Indoor Arena,"Birmingham, United Kingdom",9515.0,,
2008-10-25,UFC 90: Silva vs. Côté,Ultimate Fighting Championship,Allstate Arena,"Rosemont, Illinois",15359.0,2850000.0,300000.0
2008-11-15,UFC 91: Couture vs. Lesnar,Ultimate Fighting Championship,MGM Grand Garden Arena,"Las Vegas, Nevada",14272.0,4815675.0,1010000.0
2008-12-10,UFC: Fight for the Troops,Ultimate Fighting Championship,Cumberland County Crown Coliseum,"Fayetteville, North Carolina",8200.0,,
2008-12-13,The Ultimate Fighter: Team Nogueira vs. Team Mir Finale,Ultimate Fighting Championship,Palms Casino Resort,"Las Vegas, Nevada",1853.0,405000.0,
2008-12-27,UFC 92: The Ultimate 2008,Ultimate Fighting Championship,MGM Grand Garden Arena,"Las Vegas, Nevada",14103.0,3468440.0,1000000.0
2009-01-17,UFC 93: Franklin vs. Henderson,Ultimate Fighting Championship,The O2,"Dublin, Ireland",9369.0,1300000.0,350000.0
2009-01-31,UFC 94: St-Pierre vs. Penn 2,Ultimate Fighting Championship,MGM Grand Garden Arena[1],"Las Vegas, Nevada",14885.0,4290020.0,920000.0
2009-02-07,UFC Fight Night: Lauzon vs. Stephens,Ultimate Fighting Championship,USF Sun Dome[1],"Tampa, Florida[1]",7596.0,428000.0,
2009-02-21,UFC 95: Sanchez vs. Stevenson,Ultimate Fighting Championship,The O2 Arena,"London, United Kingdom",13268.0,1000000.0,
2009-03-07,UFC 96: Jackson vs. Jardine,Ultimate Fighting Championship,Nationwide Arena,"Columbus, Ohio",17033.0,1800000.0,350000.0
2009-04-01,UFC Fight Night: Condit vs. Kampmann,Ultimate Fighting Championship,Sommet Center,"Nashville, Tennessee",10267.0,626077.0,
2009-04-18,UFC 97: Redemption,Ultimate Fighting Championship,Bell Centre,"Montreal, Quebec, Canada",21451.0,4900000.0,650000.0
2009-05-23,UFC 98: Evans vs. Machida,Ultimate Fighting Championship,MGM Grand Garden Arena,"Las Vegas, Nevada",12606.0,3257350.0,635000.0
2009-06-13,UFC 99: The Comeback,Ultimate Fighting Championship,Lanxess Arena,"Cologne, Germany",12854.0,1300000.0,360000.0
2009-06-20,The Ultimate Fighter: United States vs. United Kingdom Finale,Ultimate Fighting Championship,Pearl Concert Theater,"Las Vegas, Nevada",2217.0,498650.0,
2009-07-11,UFC 100,Ultimate Fighting Championship,Mandalay Bay Events Center,"Las Vegas, Nevada",10871.0,5101740.0,1600000.0
2009-08-08,UFC 101: Declaration,Ultimate Fighting Championship,Wachovia Center,"Philadelphia, Pennsylvania",17411.0,3550000.0,850000.0
2009-08-29,UFC 102: Couture vs. Nogueira,Ultimate Fighting Championship,Rose Garden,"Portland, Oregon",16088.0,1920000.0,435000.0
2009-09-16,UFC Fight Night: Diaz vs. Guillard,Ultimate Fighting Championship,Cox Convention Center,"Oklahoma City, Oklahoma",9490.0,577997.0,
2009-09-19,UFC 103: Franklin vs. Belfort,Ultimate Fighting Championship,American Airlines Center,"Dallas, Texas",17428.0,2400000.0,375000.0
2009-10-24,UFC 104: Machida vs. Shogun,Ultimate Fighting Championship,Staples Center,"Los Angeles, California",14892.0,1913093.0,500000.0
2009-11-14,UFC 105: Couture vs. Vera,Ultimate Fighting Championship,Evening News Arena,"Manchester, United Kingdom",16693.0,2000000.0,
2009-11-21,UFC 106: Ortiz vs. Griffin 2,Ultimate Fighting Championship,Mandalay Bay Events Center,"Las Vegas, Nevada",10529.0,3003250.0,375000.0
2009-12-05,The Ultimate Fighter: Heavyweights Finale,Ultimate Fighting Championship,Palms Casino Resort,"Las Vegas, Nevada",1791.0,503600.0,
2009-12-12,UFC 107: Penn vs. Sanchez,Ultimate Fighting Championship,FedExForum,"Memphis, Tennessee",13896.0,1500000.0,620000.0
2010-01-02,UFC 108: Evans vs. Silva,Ultimate Fighting Championship,MGM Grand Garden Arena,"Las Vegas, Nevada",13529.0,1969670.0,300000.0
2010-01-11,UFC Fight Night: Maynard vs. Diaz,Ultimate Fighting Championship,Patriot Center,"Fairfax, Virginia",8078.0,753962.0,
2010-02-06,UFC 109: Relentless,Ultimate Fighting Championship,Mandalay Bay Events Center,"Las Vegas, Nevada",10753.0,2273000.0,275000.0
2010-02-21,UFC 110: Nogueira vs. Velasquez,Ultimate Fighting Championship,Acer Arena,"Sydney, Australia",17431.0,2500000.0,240000.0
2010-03-21,UFC Live: Vera vs. Jones,Ultimate Fighting Championship,1stBank Center,"Broomfield, Colorado[1]",6443.0,568125.0,
2010-03-27,UFC 111: St-Pierre vs. Hardy,Ultimate Fighting Championship,Prudential Center,"Newark, New Jersey",17000.0,4000000.0,770000.0
2010-03-31,UFC Fight Night: Florian vs. Gomi,Ultimate Fighting Championship,Bojangles' Coliseum,"Charlotte, North Carolina",7700.0,590685.0,
2010-04-10,UFC 112: Invincible,Ultimate Fighting Championship,"Concert Arena, Yas Island","Abu Dhabi, United Arab Emirates",11008.0,3500000.0,500000.0
2010-05-08,UFC 113: Machida vs. Shogun 2,Ultimate Fighting Championship,Bell Centre,"Montreal, Quebec, Canada",17647.0,3270000.0,520000.0
2010-05-29,UFC 114: Rampage vs. Evans,Ultimate Fighting Championship,MGM Grand Garden Arena,"Las Vegas, Nevada",14996.0,3895000.0,1050000.0
2010-06-12,UFC 115: Liddell vs. Franklin,Ultimate Fighting Championship,General Motors Place,"Vancouver, British Columbia, Canada",17669.0,4221787.0,520000.0
2010-06-19,The Ultimate Fighter: Team Liddell vs. Team Ortiz Finale,Ultimate Fighting Championship,Palms Casino Resort,"Las Vegas, Nevada",1708.0,430000.0,
2010-07-03,UFC 116: Lesnar vs. Carwin,Ultimate Fighting Championship,MGM Grand Garden Arena,"Las Vegas, Nevada",12740.0,2053990.0,1160000.0
2010-08-01,UFC Live: Jones vs. Matyushenko,Ultimate Fighting Championship,Valley View Casino Center,"San Diego, California",8132.0,489685.0,
2010-08-07,UFC 117: Silva vs. Sonnen,Ultimate Fighting Championship,Oracle Arena,"Oakland, California",12971.0,1560000.0,600000.0
2010-08-28,UFC 118: Edgar vs. Penn 2,Ultimate Fighting Championship,TD Garden,"Boston, Massachusetts",14168.0,2800000.0,570000.0
2010-09-15,UFC Fight Night: Marquardt vs. Palhares,Ultimate Fighting Championship,Frank Erwin Center,"Austin, Texas",7724.0,595900.0,
2010-09-25,UFC 119: Mir vs. Cro Cop,Ultimate Fighting Championship,Conseco Fieldhouse,"Indianapolis, Indiana",15811.0,1600000.0,295000.0
2010-10-16,UFC 120: Bisping vs. Akiyama,Ultimate Fighting Championship,O2 Arena,"London, United Kingdom",17133.0,2560000.0,
2010-10-23,UFC 121: Lesnar vs. Velasquez,Ultimate Fighting Championship,Honda Center,"Anaheim, California",14856.0,2237000.0,1050000.0
2010-11-13,UFC 122: Marquardt vs. Okami,Ultimate Fighting Championship,König Pilsener Arena,"Oberhausen, Germany",8421.0,600000.0,
2010-11-20,UFC 123: Rampage vs. Machida,Ultimate Fighting Championship,The Palace of Auburn Hills,"Auburn Hills, Michigan",16404.0,2100000.0,500000.0
2010-12-04,The Ultimate Fighter: Team GSP vs. Team Koscheck Finale,Ultimate Fighting Championship,Palms Casino Resort,"Las Vegas, Nevada",1903.0,380025.0,
2010-12-11,UFC 124: St-Pierre vs. Koscheck 2,Ultimate Fighting Championship,Bell Centre,"Montreal, Quebec, Canada",23152.0,4600000.0,800000.0
2011-01-01,UFC 125: Resolution,Ultimate Fighting Championship,MGM Grand Garden Arena,"Las Vegas, Nevada",12874.0,2174780.0,270000.0
2011-01-22,UFC: Fight for the Troops 2,Ultimate Fighting Championship,Fort Hood,"Killeen, Texas",3200.0,,
2011-02-05,UFC 126: Silva vs. Belfort,Ultimate Fighting Championship,Mandalay Bay Events Center,"Las Vegas, Nevada",10893.0,3600000.0,725000.0
2011-02-27,UFC 127: Penn vs. Fitch,Ultimate Fighting Championship,Acer Arena,"Sydney, Australia",18186.0,3500000.0,260000.0
2011-03-03,UFC Live: Sanchez vs. Kampmann,Ultimate Fighting Championship,KFC Yum! Center,"Louisville, Kentucky",8319.0,471450.0,
2011-03-19,UFC 128: Shogun vs Jones,Ultimate Fighting Championship,Prudential Center,"Newark, New Jersey",12619.0,2140000.0,490000.0
2011-03-26,UFC Fight Night: Nogueira vs. Davis,Ultimate Fighting Championship,KeyArena,"Seattle, Washington",13741.0,1182850.0,
2011-04-30,UFC 129: St-Pierre vs. Shields,Ultimate Fighting Championship,Rogers Centre,"Toronto, Ontario, Canada",55724.0,12075000.0,800000.0
2011-05-28,UFC 130: Rampage vs. Hamill,Ultimate Fighting Championship,MGM Grand Garden Arena,"Las Vegas, Nevada",12753.0,2580000.0,325000.0
2011-06-04,The Ultimate Fighter: Team Lesnar vs. Team dos Santos Finale,Ultimate Fighting Championship,Palms Casino Resort,"Las Vegas, Nevada",2053.0,440150.0,
2011-06-11,UFC 131: dos Santos vs. Carwin,Ultimate Fighting Championship,Rogers Arena,"Vancouver, British Columbia, Canada",14685.0,2800000.0,330000.0
2011-06-26,UFC Live: Kongo vs. Barry,Ultimate Fighting Championship,Consol Energy Center,"Pittsburgh, Pennsylvania",7792.0,562000.0,
2011-07-02,UFC 132: Cruz vs. Faber 2,Ultimate Fighting Championship,MGM Grand Garden Arena,"Las Vegas, Nevada",13109.0,2304500.0,350000.0
2011-08-06,UFC 133: Evans vs. Ortiz,Ultimate Fighting Championship,Wells Fargo Center,"Philadelphia, Pennsylvania",11583.0,1500000.0,310000.0
2011-08-14,UFC Live: Hardy vs. Lytle,Ultimate Fighting Championship,Bradley Center,"Milwaukee, Wisconsin",6751.0,539000.0,
2011-08-27,UFC 134: Silva vs. Okami 2,Ultimate Fighting Championship,HSBC Arena,"Rio de Janeiro, Brazil",14000.0,,335000.0
2011-09-17,UFC Fight Night: Shields vs. Ellenberger,Ultimate Fighting Championship,Morial Convention Center,"New Orleans, Louisiana",7112.0,685000.0,
2011-09-24,UFC 135: Jones vs. Rampage,Ultimate Fighting Championship,Pepsi Center,"Denver, Colorado",16344.0,2089575.0,520000.0
2011-10-01,UFC Live: Cruz vs. Johnson,Ultimate Fighting Championship,Verizon Center,"Washington, D.C.",9380.0,706775.0,
2011-10-08,UFC 136: Edgar vs. Maynard III,Ultimate Fighting Championship,Toyota Center,"Houston, Texas",16164.0,2230000.0,225000.0
2011-10-29,UFC 137: Penn vs. Diaz,Ultimate Fighting Championship,Mandalay Bay Events Center,"Las Vegas, Nevada",10313.0,3900650.0,280000.0
2011-11-05,UFC 138: Leben vs. Muñoz,Ultimate Fighting Championship,LG Arena,"Birmingham, United Kingdom",10823.0,1500000.0,
2011-11-12,UFC on Fox: Velasquez vs. dos Santos,Ultimate Fighting Championship,Honda Center,"Anaheim, California",11607.0,1072187.0,
2011-11-19,UFC 139: Shogun vs. Henderson,Ultimate Fighting Championship,HP Pavilion,"San Jose, California",13832.0,1268000.0,290000.0
2011-12-03,The Ultimate Fighter: Team Bisping vs. Team Miller Finale,Ultimate Fighting Championship,Palms Casino Resort,"Las Vegas, Nevada",1909.0,452700.0,
2011-12-10,UFC 140: Jones vs. Machida,Ultimate Fighting Championship,Air Canada Centre,"Toronto, Ontario, Canada",18303.0,3900000.0,480000.0
2011-12-30,UFC 141: Lesnar vs. Overeem,Ultimate Fighting Championship,MGM Grand Garden Arena,"Las Vegas, Nevada",13793.0,3100000.0,780000.0
2012-01-14,UFC 142: Aldo vs. Mendes,Ultimate Fighting Championship,HSBC Arena,"Rio de Janeiro, Brazil",10605.0,,235000.0
2012-01-20,UFC on FX: Guillard vs. Miller,Ultimate Fighting Championship,Bridgestone Arena,"Nashville, Tennessee",7728.0,334860.0,
2012-07-21,UFC 149: Faber vs. Barão,Ultimate Fighting Championship,Scotiabank Saddledome,"Calgary, Alberta, Canada",16089.0,4100000.0,235000.0
2012-08-04,UFC on Fox: Shogun vs. Vera,Ultimate Fighting Championship,Staples Center,"Los Angeles, California",16080.0,1100000.0,
2012-08-11,UFC 150: Henderson vs. Edgar II,Ultimate Fighting Championship,Pepsi Center,"Denver, Colorado",13027.0,619955.0,190000.0
2012-09-22,UFC 152: Jones vs. Belfort,Ultimate Fighting Championship,Air Canada Centre,"Toronto, Ontario, Canada",16800.0,1921000.0,450000.0
2012-09-29,UFC on Fuel TV: Struve vs. Miocic,Ultimate Fighting Championship,Capital FM Arena,"Nottingham, United Kingdom",7241.0,970000.0,
2012-10-05,UFC on FX: Browne vs. Bigfoot,Ultimate Fighting Championship,Target Center,"Minneapolis, Minnesota",7049.0,358000.0,
2012-10-13,UFC 153: Silva vs. Bonnar,Ultimate Fighting Championship,HSBC Arena,"Rio de Janeiro, Brazil",16844.0,,410000.0
2012-11-10,UFC on Fuel TV: Franklin vs. Le,Ultimate Fighting Championship,CotaiArena,"Macau, SAR, China",8415.0,1300000.0,
2012-11-17,UFC 154: St-Pierre vs. Condit,Ultimate Fighting Championship,Bell Centre,"Montreal, Quebec, Canada",17249.0,3143000.0,700000.0
2012-12-08,UFC on Fox: Henderson vs. Diaz,Ultimate Fighting Championship,KeyArena,"Seattle, Washington",14387.0,1522600.0,
2012-12-15,UFC on FX: Sotiropoulos vs. Pearson,Ultimate Fighting Championship,Gold Coast Convention and Exhibition Centre,"Queensland, Australia",5133.0,900000.0,
2012-12-15,The Ultimate Fighter: Team Carwin vs. Team Nelson Finale,Ultimate Fighting Championship,Hard Rock Hotel and Casino,"Las Vegas, Nevada",2427.0,569075.0,
2012-12-29,UFC 155: dos Santos vs. Velasquez 2,Ultimate Fighting Championship,MGM Grand Garden Arena,"Las Vegas, Nevada",13561.0,3286025.0,590000.0
2013-04-20,UFC on Fox: Henderson vs. Melendez,Ultimate Fighting Championship,HP Pavilion,"San Jose, California",13506.0,,
2013-04-27,UFC 159: Jones vs. Sonnen,Ultimate Fighting Championship,Prudential Center,"Newark, New Jersey",15227.0,2700000.0,530000.0
2013-05-18,UFC on FX: Belfort vs. Rockhold,Ultimate Fighting Championship,Arena Jaraguá,"Jaraguá do Sul, Brazil",7642.0,,
2013-05-25,UFC 160: Velasquez vs. Bigfoot 2,Ultimate Fighting Championship,MGM Grand Garden Arena,"Las Vegas, Nevada",12380.0,,380000.0
2013-06-08,UFC on Fuel TV: Nogueira vs. Werdum,Ultimate Fighting Championship,Ginásio Paulo Sarasate,"Fortaleza, Brazil",6286.0,,
2013-06-15,UFC 161: Evans vs. Henderson,Ultimate Fighting Championship,MTS Centre,"Winnipeg, Manitoba, Canada",14754.0,,140000.0
2013-07-06,UFC 162: Silva vs. Weidman,Ultimate Fighting Championship,MGM Grand Garden Arena,"Las Vegas, Nevada",12964.0,,550000.0
2013-07-27,UFC on Fox: Johnson vs. Moraga,Ultimate Fighting Championship,KeyArena,"Seattle, Washington",8967.0,700081.0,
2013-08-03,UFC 163: Aldo vs. Korean Zombie,Ultimate Fighting Championship,HSBC Arena,"Rio De Janeiro, Brazil",13873.0,,180000.0
2013-08-17,UFC Fight Night: Shogun vs. Sonnen,Ultimate Fighting Championship,TD Garden,"Boston, Massachusetts",14181.0,1534000.0,
2013-08-28,UFC Fight Night: Condit vs. Kampmann 2,Ultimate Fighting Championship,Bankers Life Fieldhouse,"Indianapolis, Indiana",6417.0,355290.0,
2013-08-31,UFC 164: Henderson vs. Pettis II,Ultimate Fighting Championship,BMO Harris Bradley Center,"Milwaukee, Wisconsin",9178.0,907116.0,270000.0
2013-09-04,UFC Fight Night: Teixeira vs. Bader,Ultimate Fighting Championship,Mineirinho Arena,"Belo Horizonte, Brazil",5126.0,,
2013-09-21,UFC 165: Jones vs. Gustafsson,Ultimate Fighting Championship,Air Canada Centre,"Toronto, Ontario, Canada",15504.0,,310000.0
2013-10-09,UFC Fight Night: Maia vs. Shields,Ultimate Fighting Championship,Ginásio José Corrêa,"Barueri, Brazil",6621.0,,
2013-10-19,UFC 166: Velasquez vs. dos Santos III,Ultimate Fighting Championship,Toyota Center,"Houston, Texas",17238.0,,330000.0
2013-10-26,UFC Fight Night: Machida vs. Muñoz,Ultimate Fighting Championship,Phones 4u Arena,"Manchester, United Kingdom",10355.0,,
2013-11-06,UFC: Fight for the Troops 3,Ultimate Fighting Championship,Fort Campbell,"Fort Campbell, Kentucky",,,
2013-11-09,UFC Fight Night: Belfort vs. Henderson 2,Ultimate Fighting Championship,Goiânia Arena,"Goiânia, Brazil",10565.0,,
2013-11-16,UFC 167: St-Pierre vs. Hendricks,Ultimate Fighting Championship,MGM Grand Garden Arena,"Las Vegas, Nevada",14856.0,5759350.0,630000.0
2013-11-30,The Ultimate Fighter: Team Rousey vs. Team Tate Finale,Ultimate Fighting Championship,Mandalay Bay Events Center,"Las Vegas, Nevada",4853.0,322742.0,
2013-12-07,UFC Fight Night: Hunt vs. Bigfoot,Ultimate Fighting Championship,Brisbane Entertainment Centre,"Brisbane, Queensland, Australia",11393.0,,
2013-12-14,UFC on Fox: Johnson vs. Benavidez 2,Ultimate Fighting Championship,Sleep Train Arena,"Sacramento, California",11573.0,1066610.0,
2013-12-28,UFC 168: Weidman vs. Silva 2,Ultimate Fighting Championship,MGM Grand Garden Arena,"Las Vegas, Nevada",15650.0,6238792.0,1025000.0
2014-01-04,UFC Fight Night: Saffiedine vs. Lim,Ultimate Fighting Championship,Marina Bay Sands,"Marina Bay, Singapore",5216.0,,
2014-01-15,UFC Fight Night: Rockhold vs. Philippou,Ultimate Fighting Championship,The Arena at Gwinnett Center,"Duluth, Georgia",5822.0,231951.0,
2014-01-25,UFC on Fox: Henderson vs. Thomson,Ultimate Fighting Championship,United Center,"Chicago, Illinois",10895.0,863655.0,
2014-02-01,UFC 169: Barão vs. Faber II,Ultimate Fighting Championship,Prudential Center,"Newark, New Jersey",14308.0,,230000.0
2014-02-15,UFC Fight Night: Machida vs. Mousasi,Ultimate Fighting Championship,Arena Jaraguá,"Jaraguá do Sul, Brazil",7511.0,,
2014-02-22,UFC 170: Rousey vs. McMann,Ultimate Fighting Championship,Mandalay Bay Events Center,"Las Vegas, Nevada",10217.0,1558870.0,340000.0
2014-03-01,The Ultimate Fighter China Finale: Kim vs. Hathaway,Ultimate Fighting Championship,CotaiArena,"Macau, SAR, China",6000.0,,
2014-03-08,UFC Fight Night: Gustafsson  vs. Manuwa,Ultimate Fighting Championship,The O2 Arena,"London, England",14604.0,2000056.0,
2014-03-15,UFC 171: Hendricks vs. Lawler,Ultimate Fighting Championship,American Airlines Center,"Dallas, Texas",19324.0,2600000.0,300000.0
2014-03-23,UFC Fight Night: Shogun vs. Henderson 2,Ultimate Fighting Championship,Ginásio Nélio Dias,"Natal, Brazil",6828.0,,
2014-04-11,UFC Fight Night: Nogueira vs. Nelson,Ultimate Fighting Championship,du Arena,"Abu Dhabi, United Arab Emirates",7963.0,1800000.0,
2014-04-16,The Ultimate Fighter Nations Finale: Bisping vs. Kennedy,Ultimate Fighting Championship,Colisée Pepsi,"Quebec City, Quebec, Canada",5029.0,340000.0,
2014-04-19,UFC on Fox: Werdum vs. Browne,Ultimate Fighting Championship,Amway Center,"Orlando, Florida",14410.0,1651776.0,
2014-04-26,UFC 172: Jones vs. Teixeira,Ultimate Fighting Championship,Baltimore Arena,"Baltimore, Maryland",13485.0,,350000.0
2014-05-10,UFC Fight Night: Brown vs. Silva,Ultimate Fighting Championship,U.S. Bank Arena,"Cincinnati, Ohio",6143.0,415000.0,
2014-05-24,UFC 173: Barão vs. Dillashaw,Ultimate Fighting Championship,MGM Grand Garden Arena,"Las Vegas, Nevada",11036.0,,215000.0
2014-05-31,UFC Fight Night: Muñoz vs. Mousasi,Ultimate Fighting Championship,O2 World,"Berlin, Germany",8000.0,,
2014-05-31,The Ultimate Fighter Brazil 3 Finale: Miocic vs. Maldonado,Ultimate Fighting Championship,Ginásio do Ibirapuera,"São Paulo, Brazil",8986.0,,
2014-06-07,UFC Fight Night: Henderson vs. Khabilov,Ultimate Fighting Championship,Tingley Coliseum,"Albuquerque, New Mexico",8775.0,697901.0,
2014-06-14,UFC 174: Johnson vs. Bagautinov,Ultimate Fighting Championship,Rogers Arena,"Vancouver, British Columbia, Canada",13506.0,,115000.0
2014-06-28,UFC Fight Night: Te Huna vs. Marquardt,Ultimate Fighting Championship,Vector Arena,"Auckland, New Zealand",8089.0,913000.0,
2014-06-28,UFC Fight Night: Swanson vs. Stephens,Ultimate Fighting Championship,AT&T Center,"San Antonio, Texas",9227.0,728358.0,
2014-07-05,UFC 175: Weidman vs. Machida,Ultimate Fighting Championship,Mandalay Bay Events Center,"Las Vegas, Nevada",10088.0,4400000.0,545000.0
2014-07-06,The Ultimate Fighter: Team Edgar vs. Team Penn Finale,Ultimate Fighting Championship,Mandalay Bay Events Center,"Las Vegas, Nevada",6500.0,835000.0,
2014-07-16,UFC Fight Night: Cerrone vs. Miller,Ultimate Fighting Championship,Revel Casino Hotel,"Atlantic City, New Jersey",4115.0,,
2014-07-19,UFC Fight Night: McGregor vs. Brandao,Ultimate Fighting Championship,The O2,"Dublin, Ireland",9500.0,,
2014-07-26,UFC on Fox: Lawler vs Brown,Ultimate Fighting Championship,SAP Center,"San Jose, California",11482.0,735317.0,
2014-08-16,UFC Fight Night: Bader vs. Saint Preux,Ultimate Fighting Championship,Cross Insurance Center,"Bangor, Maine",5329.0,321470.0,
2014-08-23,UFC Fight Night: Bisping vs. Le,Ultimate Fighting Championship,CotaiArena,"Macau, SAR, China",7022.0,,
2014-08-23,UFC Fight Night: Henderson vs. dos Anjos,Ultimate Fighting Championship,BOK Center,"Tulsa, Oklahoma",7119.0,452075.0,
2014-08-30,UFC 177: Dillashaw vs. Soto,Ultimate Fighting Championship,Sleep Train Arena,"Sacramento, California",11100.0,700000.0,125000.0
2014-09-05,UFC Fight Night: Jacaré vs. Mousasi,Ultimate Fighting Championship,Foxwoods Resort Casino,"Mashantucket, Connecticut",4086.0,479620.0,
2014-09-13,UFC Fight Night: Bigfoot vs. Arlovski,Ultimate Fighting Championship,Ginásio Nilson Nelson,"Brasília, Brazil",8822.0,,
2014-09-20,UFC Fight Night: Hunt vs. Nelson,Ultimate Fighting Championship,Saitama Super Arena,"Saitama, Japan",12395.0,,
2014-09-27,UFC 178: Johnson vs. Cariaso,Ultimate Fighting Championship,MGM Grand Garden Arena,"Las Vegas, Nevada",10544.0,,205000.0
2014-10-04,UFC Fight Night: Nelson vs. Story,Ultimate Fighting Championship,Ericsson Globe Arena,"Stockholm, Sweden",10026.0,,
2014-10-04,UFC Fight Night: MacDonald vs. Saffiedine,Ultimate Fighting Championship,Scotiabank Centre,"Halifax, Nova Scotia, Canada",10782.0,926000.0,
2014-10-25,UFC 179: Aldo vs. Mendes 2,Ultimate Fighting Championship,Ginásio do Maracanãzinho,"Rio de Janeiro, Brazil",11415.0,,180000.0
2014-11-08,UFC Fight Night: Rockhold vs. Bisping,Ultimate Fighting Championship,Allphones Arena,"Sydney, Australia",9904.0,,
2014-11-08,UFC Fight Night: Shogun vs. Saint Preux,Ultimate Fighting Championship,Ginásio Municipal Tancredo Neves,"Uberlândia, Brazil",5671.0,,
2014-11-15,UFC 180: Werdum vs. Hunt,Ultimate Fighting Championship,Arena Ciudad de México,"Mexico City, Mexico",21000.0,,185000.0
2014-11-22,UFC Fight Night: Edgar vs. Swanson,Ultimate Fighting Championship,Frank Erwin Center,"Austin, Texas",10131.0,670022.0,
2014-12-06,UFC 181: Hendricks vs. Lawler II,Ultimate Fighting Championship,Mandalay Bay Events Center,"Las Vegas, Nevada",9617.0,,400000.0
2014-12-12,The Ultimate Fighter: A Champion Will Be Crowned,Ultimate Fighting Championship,Palms Casino Resort,"Las Vegas, Nevada",1800.0,143000.0,
2014-12-13,UFC on Fox: dos Santos vs. Miocic,Ultimate Fighting Championship,U.S. Airways Center,"Phoenix, Arizona",15350.0,,
2014-12-20,UFC Fight Night: Machida vs. Dollaway,Ultimate Fighting Championship,Ginásio José Corrêa,"Barueri, Brazil",,,
2015-01-03,UFC 182: Jones vs. Cormier,Ultimate Fighting Championship,MGM Grand Garden Arena,"Las Vegas, Nevada",11575.0,3700000.0,800000.0
2015-01-18,UFC Fight Night: McGregor vs Siver,Ultimate Fighting Championship,TD Garden,"Boston, Massachusetts",13828.0,1340000.0,
2015-01-24,UFC on Fox: Gustafsson vs. Johnson,Ultimate Fighting Championship,Tele2 Arena,"Stockholm, Sweden",30000.0,,
2015-01-31,UFC 183: Silva vs. Diaz,Ultimate Fighting Championship,MGM Grand Garden Arena,"Las Vegas, Nevada",13114.0,4500000.0,650000.0
2015-02-14,UFC Fight Night: Henderson vs. Thatch,Ultimate Fighting Championship,1stBank Center,"Broomfield, Colorado",5807.0,382875.0,
2015-02-22,UFC Fight Night: Bigfoot vs. Mir,Ultimate Fighting Championship,Ginásio Gigantinho,"Porto Alegre, Brazil",5080.0,,
2015-02-28,UFC 184: Rousey vs. Zingano,Ultimate Fighting Championship,Staples Center,"Los Angeles, California",16577.0,2675560.0,600000.0
2015-03-14,UFC 185: Pettis vs. dos Anjos,Ultimate Fighting Championship,American Airlines Center,"Dallas, Texas",14298.0,2155630.0,310000.0
2015-03-21,UFC Fight Night: Maia vs. LaFlare,Ultimate Fighting Championship,Ginásio do Maracanãzinho,"Rio de Janeiro, Brazil",7707.0,,
2015-04-04,UFC Fight Night: Mendes vs. Lamas,Ultimate Fighting Championship,Patriot Center,"Fairfax, Virginia",5417.0,545604.0,
2015-04-11,UFC Fight Night: Gonzaga vs. Cro Cop 2,Ultimate Fighting Championship,Tauron Arena Kraków,"Kraków, Poland",10000.0,720000.0,
2015-04-18,UFC on Fox: Machida vs. Rockhold,Ultimate Fighting Championship,Prudential Center,"Newark, New Jersey",13306.0,1200000.0,
2015-04-25,UFC 186: Johnson vs. Horiguchi,Ultimate Fighting Championship,Bell Centre,"Montreal, Quebec, Canada",10154.0,668000.0,125000.0
2015-05-10,UFC Fight Night: Miocic vs. Hunt,Ultimate Fighting Championship,Adelaide Entertainment Centre,"Adelaide, Australia",7984.0,833810.0,
2015-05-16,UFC Fight Night: Edgar vs. Faber,Ultimate Fighting Championship,Mall of Asia Arena,"Pasay, Philippines",13446.0,,
2015-05-23,UFC 187: Johnson vs. Cormier,Ultimate Fighting Championship,MGM Grand Garden Arena,"Las Vegas, Nevada",12615.0,5189623.0,375000.0
2015-05-30,UFC Fight Night: Condit vs. Alves,Ultimate Fighting Championship,Goiânia Arena,"Goiânia, Brazil",3500.0,,
2015-06-06,UFC Fight Night: Boetsch vs. Henderson,Ultimate Fighting Championship,Smoothie King Center,"New Orleans, Louisiana",6231.0,621523.0,
2015-06-13,UFC 188: Velasquez vs. Werdum,Ultimate Fighting Championship,Arena Ciudad de México,"Mexico City, Mexico",21036.0,,300000.0
2015-06-20,UFC Fight Night: Jędrzejczyk vs. Penne,Ultimate Fighting Championship,O2 World,"Berlin, Germany",8155.0,,
2015-06-27,UFC Fight Night: Machida vs. Romero,Ultimate Fighting Championship,Seminole Hard Rock Hotel and Casino,"Hollywood, Florida",5604.0,,
2015-07-11,UFC 189: Mendes vs. McGregor,Ultimate Fighting Championship,MGM Grand Garden Arena,"Las Vegas, Nevada",16019.0,7201648.0,825000.0
2015-07-12,The Ultimate Fighter: American Top Team vs. Blackzilians Finale,Ultimate Fighting Championship,MGM Grand Garden Arena,"Las Vegas, Nevada",4844.0,291000.0,
2015-07-15,UFC Fight Night:  Mir vs. Duffee,Ultimate Fighting Championship,Valley View Casino Center,"San Diego, California",5471.0,412000.0,
2015-07-18,UFC Fight Night: Bisping vs. Leites,Ultimate Fighting Championship,The SSE Hydro,"Glasgow, Scotland",10451.0,1500000.0,
2015-07-25,UFC on Fox: Dillashaw vs. Barão 2,Ultimate Fighting Championship,United Center,"Chicago, Illinois",11663.0,1200000.0,
2015-08-01,UFC 190: Rousey vs. Correia,Ultimate Fighting Championship,HSBC Arena,"Rio de Janeiro, Brazil",14723.0,,900000.0
2015-08-08,UFC Fight Night: Teixeira vs. Saint Preux,Ultimate Fighting Championship,Bridgestone Arena,"Nashville, Tennessee",7539.0,454551.0,
2015-08-23,UFC Fight Night: Holloway vs. Oliveira,Ultimate Fighting Championship,SaskTel Centre,"Saskatoon, Saskatchewan, Canada",7202.0,,
2015-09-05,UFC 191: Johnson vs Dodson 2,Ultimate Fighting Championship,MGM Grand Garden Arena,"Las Vegas, Nevada",10873.0,1362700.0,115000.0
2015-09-27,UFC Fight Night: Barnett vs. Nelson,Ultimate Fighting Championship,Saitama Super Arena,"Saitama, Japan",10137.0,,
2015-10-03,UFC 192: Cormier vs. Gustafsson,Ultimate Fighting Championship,Toyota Center,"Houston, Texas",14622.0,1859000.0,250000.0
2015-10-24,UFC Fight Night: Holohan vs. Smolka,Ultimate Fighting Championship,3Arena,"Dublin, Ireland",9500.0,,
2015-11-07,UFC Fight Night: Belfort vs. Henderson 3,Ultimate Fighting Championship,Ginásio do Ibirapuera,"São Paulo, Brazil",10628.0,,
2015-11-15,UFC 193: Rousey vs. Holm,Ultimate Fighting Championship,Etihad Stadium,"Melbourne, Australia",56214.0,6800000.0,1100000.0
2015-11-21,The Ultimate Fighter Latin America 2 Finale: Magny vs. Gastelum,Ultimate Fighting Championship,Arena Monterrey,"Monterrey, Mexico",10410.0,,
2015-11-28,UFC Fight Night: Henderson vs. Masvidal,Ultimate Fighting Championship,Olympic Gymnastics Arena,"Seoul, South Korea",12156.0,,
2015-12-10,UFC Fight Night: Namajunas vs. VanZant,Ultimate Fighting Championship,The Chelsea at The Cosmopolitan,"Las Vegas, Nevada",1643.0,234725.0,
2015-12-11,The Ultimate Fighter: Team McGregor vs. Team Faber Finale,Ultimate Fighting Championship,The Chelsea at The Cosmopolitan,"Las Vegas, Nevada",1800.0,450000.0,
2015-12-12,UFC 194: Aldo vs. McGregor,Ultimate Fighting Championship,MGM Grand Garden Arena,"Las Vegas, Nevada",16516.0,10006249.0,1200000.0
2015-12-19,UFC on Fox: dos Anjos vs. Cerrone 2,Ultimate Fighting Championship,Amway Center,"Orlando, Florida",14459.0,1710000.0,
2016-01-02,UFC 195: Lawler vs. Condit,Ultimate Fighting Championship,MGM Grand Garden Arena,"Las Vegas, Nevada, U.S.",10300.0,2003986.0,300000.0
2016-01-17,UFC Fight Night: Dillashaw vs. Cruz,Ultimate Fighting Championship,TD Garden,"Boston, Massachusetts",12790.0,1300000.0,
2016-01-30,UFC on Fox: Johnson vs. Bader,Ultimate Fighting Championship,Prudential Center,"Newark, New Jersey",10555.0,818000.0,
2016-02-06,UFC Fight Night: Hendricks vs. Thompson,Ultimate Fighting Championship,MGM Grand Garden Arena,"Las Vegas, Nevada",7422.0,1435000.0,
2016-02-21,UFC Fight Night: Cowboy vs. Cowboy,Ultimate Fighting Championship,Consol Energy Center,"Pittsburgh, Pennsylvania",7330.0,572547.0,
2016-02-27,UFC Fight Night: Silva vs. Bisping,Ultimate Fighting Championship,The O2 Arena,"London, England",16734.0,2000000.0,
2016-03-05,UFC 196: McGregor vs. Diaz,Ultimate Fighting Championship,MGM Grand Garden Arena,"Las Vegas, Nevada",14898.0,8197628.0,1317000.0
2016-03-20,UFC Fight Night: Hunt vs. Mir,Ultimate Fighting Championship,Brisbane Entertainment Centre,"Brisbane, Australia",9552.0,1000000.0,
2016-04-10,UFC Fight Night: Rothwell vs. dos Santos,Ultimate Fighting Championship,Arena Zagreb,"Zagreb, Croatia",13177.0,549000.0,
2016-04-16,UFC on Fox: Teixeira vs. Evans,Ultimate Fighting Championship,Amalie Arena,"Tampa, Florida",11273.0,1057000.0,
2016-04-23,UFC 197: Jones vs. Saint Preux,Ultimate Fighting Championship,MGM Grand Garden Arena,"Las Vegas, Nevada",11352.0,2300000.0,322000.0
2016-05-08,UFC Fight Night: Overeem vs. Arlovski,Ultimate Fighting Championship,Ahoy Rotterdam,"Rotterdam, Netherlands",10421.0,1523320.0,
2016-05-14,UFC 198: Werdum vs. Miocic,Ultimate Fighting Championship,Arena da Baixada,"Curitiba, Brazil",45207.0,,217000.0
2016-05-29,UFC Fight Night: Almeida vs. Garbrandt,Ultimate Fighting Championship,Mandalay Bay Events Center,"Las Vegas, Nevada",5193.0,359000.0,
2016-06-04,UFC 199: Rockhold vs. Bisping 2,Ultimate Fighting Championship,The Forum,"Inglewood, California",15587.0,2168675.0,283000.0
2016-06-18,UFC Fight Night: MacDonald vs. Thompson,Ultimate Fighting Championship,TD Place Arena,"Ottawa, Ontario, Canada",10490.0,1278250.0,
2016-07-07,UFC Fight Night: Dos Anjos vs. Alvarez,Ultimate Fighting Championship,MGM Grand Garden Arena,"Las Vegas, Nevada",7760.0,690526.0,
2016-07-08,The Ultimate Fighter: Team Joanna vs. Team Cláudia Finale,Ultimate Fighting Championship,MGM Grand Garden Arena,"Las Vegas, Nevada",8115.0,736408.0,
2016-07-09,UFC 200: Tate vs. Nunes,Ultimate Fighting Championship,T-Mobile Arena,"Las Vegas, Nevada",18202.0,10746248.0,1009000.0
2016-07-13,UFC Fight Night: McDonald vs. Lineker,Ultimate Fighting Championship,Denny Sanford Premier Center,"Sioux Falls, South Dakota",5671.0,381945.0,
2016-07-23,UFC on Fox: Holm vs. Shevchenko,Ultimate Fighting Championship,United Center,"Chicago, Illinois",10287.0,1000000.0,
2016-07-30,UFC 201: Lawler vs. Woodley,Ultimate Fighting Championship,Philips Arena,"Atlanta, Georgia",10240.0,1070000.0,240000.0
2016-08-06,UFC Fight Night: Rodríguez vs Caceres,Ultimate Fighting Championship,Vivint Smart Home Arena,"Salt Lake City, Utah",6689.0,481033.0,
2016-08-20,UFC 202: Diaz vs. McGregor 2,Ultimate Fighting Championship,T-Mobile Arena,"Las Vegas, Nevada",15539.0,7700810.0,1650000.0
2016-08-27,UFC on Fox: Maia vs Condit,Ultimate Fighting Championship,Rogers Arena,"Vancouver, British Columbia, Canada",10533.0,,
2016-09-03,UFC Fight Night: Arlovski vs. Barnett,Ultimate Fighting Championship,Barclaycard Arena,"Hamburg, Germany",11763.0,913428.0,
2016-09-10,UFC 203: Miocic vs. Overeem,Ultimate Fighting Championship,Quicken Loans Arena,"Cleveland, Ohio",18875.0,2600000.0,450000.0
2016-09-17,UFC Fight Night: Poirier vs. Johnson,Ultimate Fighting Championship,State Farm Arena,"Hidalgo, Texas",5624.0,323419.0,
2016-09-24,UFC Fight Night: Cyborg vs. Länsberg,Ultimate Fighting Championship,Ginásio Nilson Nelson,"Brasília, Brazil",8410.0,,
2016-10-01,UFC Fight Night: Lineker vs. Dodson,Ultimate Fighting Championship,Moda Center,"Portland, Oregon",6240.0,501035.0,
2016-10-08,UFC 204: Bisping vs Henderson 2,Ultimate Fighting Championship,Manchester Arena,"Manchester, England",16000.0,1960000.0,290000.0
2016-11-05,The Ultimate Fighter Latin America 3 Finale: dos Anjos vs. Ferguson,Ultimate Fighting Championship,Arena Ciudad de México,"Mexico City, Mexico",11460.0,,
2016-11-12,UFC 205: Alvarez vs. McGregor,Ultimate Fighting Championship,Madison Square Garden,"New York City, New York",20427.0,17700000.0,1300000.0
2016-11-19,UFC Fight Night: Mousasi vs. Hall 2,Ultimate Fighting Championship,The SSE Arena,"Belfast, Northern Ireland",7222.0,850000.0,
2016-11-19,UFC Fight Night: Bader vs. Nogueira 2,Ultimate Fighting Championship,Ginásio do Ibirapuera,"São Paulo, Brazil",9028.0,,
2016-11-27,UFC Fight Night: Whittaker vs. Brunson,Ultimate Fighting Championship,Rod Laver Arena,"Melbourne, Australia",13721.0,,
2016-12-03,The Ultimate Fighter: Tournament of Champions Finale,Ultimate Fighting Championship,Palms Casino Resort,"Las Vegas, Nevada",2044.0,188602.0,
2016-12-09,UFC Fight Night: Lewis vs. Abdurakhimov,Ultimate Fighting Championship,Times Union Center,"Albany, New York",6216.0,411000.0,
2016-12-10,UFC 206: Holloway vs. Pettis,Ultimate Fighting Championship,Air Canada Centre,"Toronto, Ontario, Canada",18057.0,1843101.0,150000.0
2016-12-17,UFC on Fox: VanZant vs. Waterson,Ultimate Fighting Championship,Golden 1 Center,"Sacramento, California",10525.0,1238992.0,
2016-12-30,UFC 207: Nunes vs. Rousey,Ultimate Fighting Championship,T-Mobile Arena,"Las Vegas, Nevada",18533.0,4750000.0,1100000.0
2017-01-15,UFC Fight Night: Rodríguez vs. Penn,Ultimate Fighting Championship,Talking Stick Resort Arena,"Phoenix, Arizona",11589.0,913372.0,
2017-01-28,UFC on Fox: Shevchenko vs. Peña,Ultimate Fighting Championship,Pepsi Center,"Denver, Colorado",13233.0,1020434.0,
2017-02-04,UFC Fight Night: Bermudez vs. Korean Zombie,Ultimate Fighting Championship,Toyota Center,"Houston, Texas",8119.0,611133.0,
2017-02-11,UFC 208: Holm vs. de Randamie,Ultimate Fighting Championship,Barclays Center,"Brooklyn, New York",15628.0,2275105.0,200000.0
2017-02-19,UFC Fight Night: Lewis vs. Browne,Ultimate Fighting Championship,Scotiabank Centre,"Halifax, Nova Scotia, Canada",8123.0,575832.0,
2017-03-04,UFC 209: Woodley vs. Thompson 2,Ultimate Fighting Championship,T-Mobile Arena,"Las Vegas, Nevada",13150.0,,300000.0
2017-03-11,UFC Fight Night: Belfort vs. Gastelum,Ultimate Fighting Championship,Centro de Formação Olímpica do Nordeste,"Fortaleza, Brazil",14069.0,,
2017-03-18,UFC Fight Night: Manuwa vs. Anderson,Ultimate Fighting Championship,The O2 Arena,"London, England",15761.0,2015777.0,
2017-04-08,UFC 210: Cormier vs Johnson 2,Ultimate Fighting Championship,KeyBank Center,"Buffalo, New York",17110.0,2000000.0,300000.0
2017-04-15,UFC on Fox: Johnson vs. Reis,Ultimate Fighting Championship,Sprint Center,"Kansas City, Missouri",12171.0,1081193.0,
2017-04-22,UFC Fight Night: Swanson vs. Lobov,Ultimate Fighting Championship,Bridgestone Arena,"Nashville, Tennessee",10144.0,755180.0,
2017-05-13,UFC 211: Miocic vs dos Santos 2,Ultimate Fighting Championship,American Airlines Center,"Dallas, Texas",17834.0,2662645.0,300000.0
2017-05-28,UFC Fight Night: Gustafsson vs. Teixeira,Ultimate Fighting Championship,Ericsson Globe,"Stockholm, Sweden",12668.0,1920000.0,
2017-06-03,UFC 212: Aldo vs. Holloway,Ultimate Fighting Championship,Jeunesse Arena,"Rio de Janeiro, Brazil",15412.0,,200000.0
2017-06-11,UFC Fight Night: Lewis vs. Hunt,Ultimate Fighting Championship,Spark Arena,"Auckland, New Zealand",7468.0,800298.0,
2017-06-17,UFC Fight Night: Holm vs. Correia,Ultimate Fighting Championship,Singapore Indoor Stadium,"Kallang, Singapore",8414.0,839300.0,
2017-06-25,UFC Fight Night: Chiesa vs. Lee,Ultimate Fighting Championship,Chesapeake Energy Arena,"Oklahoma City, Oklahoma",7605.0,549302.0,
2017-07-07,The Ultimate Fighter: Redemption Finale,Ultimate Fighting Championship,T-Mobile Arena,"Paradise, Nevada",6308.0,432495.0,
2017-07-08,UFC 213: Romero vs. Whittaker,Ultimate Fighting Championship,T-Mobile Arena,"Las Vegas, Nevada",12834.0,2400000.0,150000.0
2017-07-16,UFC Fight Night: Nelson vs. Ponzinibbio,Ultimate Fighting Championship,The SSE Hydro,"Glasgow, Scotland",10589.0,1200000.0,
2017-07-22,UFC on Fox: Weidman vs. Gastelum,Ultimate Fighting Championship,Nassau Veterans Memorial Coliseum,"Uniondale, New York",11198.0,1088332.0,
2017-07-29,UFC 214: Cormier vs. Jones 2,Ultimate Fighting Championship,Honda Center,"Anaheim, California",16610.0,2448870.0,860000.0
2017-08-05,UFC Fight Night: Pettis vs. Moreno,Ultimate Fighting Championship,Arena Ciudad de México,"Mexico City, Mexico",10172.0,,
2017-09-02,UFC Fight Night: Volkov vs. Struve,Ultimate Fighting Championship,Ahoy Rotterdam,"Rotterdam, Netherlands",10224.0,900000.0,
2017-09-09,UFC 215: Nunes vs. Shevchenko 2,Ultimate Fighting Championship,Rogers Place,"Edmonton, Alberta, Canada",16232.0,2028307.0,100000.0
2017-09-16,UFC Fight Night: Rockhold vs. Branch,Ultimate Fighting Championship,PPG Paints Arena,"Pittsburgh, Pennsylvania",7005.0,396190.0,
2017-09-23,UFC Fight Night: Saint Preux vs. Okami,Ultimate Fighting Championship,Saitama Super Arena,"Saitama, Japan",8571.0,,
2017-10-07,UFC 216: Ferguson vs. Lee,Ultimate Fighting Championship,T-Mobile Arena,"Las Vegas, Nevada",10638.0,677999.0,200000.0
2017-10-21,UFC Fight Night: Cowboy vs. Till,Ultimate Fighting Championship,Ergo Arena,"Gdańsk, Poland",11138.0,677000.0,
2017-10-28,UFC Fight Night: Brunson vs. Machida,Ultimate Fighting Championship,Ginásio do Ibirapuera,"São Paulo, Brazil",10265.0,,
2017-11-04,UFC 217: Bisping vs. St-Pierre,Ultimate Fighting Championship,Madison Square Garden,"New York City, New York",18201.0,6200000.0,875000.0
2017-11-11,UFC Fight Night: Poirier vs. Pettis,Ultimate Fighting Championship,Ted Constant Convocation Center,"Norfolk, Virginia",8442.0,642070.0,
2017-11-19,UFC Fight Night: Werdum vs. Tybura,Ultimate Fighting Championship,Qudos Bank Arena,Sydney,10021.0,,
2017-11-25,UFC Fight Night: Bisping vs. Gastelum,Ultimate Fighting Championship,Mercedes Benz Arena,"Shanghai, China",15128.0,,
2017-12-01,The Ultimate Fighter: A New World Champion Finale,Ultimate Fighting Championship,Park Theater,"Paradise, Nevada",,,
2017-12-02,UFC 218: Holloway vs. Aldo 2,Ultimate Fighting Championship,Little Caesars Arena,"Detroit, Michigan",17587.0,2000000.0,230000.0
2017-12-09,UFC Fight Night: Swanson vs. Ortega,Ultimate Fighting Championship,Save Mart Center,"Fresno, California",7605.0,568290.0,
2017-12-16,UFC on Fox: Lawler vs. dos Anjos,Ultimate Fighting Championship,Bell MTS Place,"Winnipeg, Canada",8862.0,781359.0,
2017-12-30,UFC 219: Cyborg vs. Holm,Ultimate Fighting Championship,T-Mobile Arena,"Las Vegas, Nevada",13561.0,1760628.0,380000.0
2018-01-14,UFC Fight Night: Stephens vs. Choi,Ultimate Fighting Championship,Scottrade Center,"St. Louis, Missouri, U.S.",10052.0,812995.0,
2018-01-20,UFC 220: Miocic vs. Ngannou,Ultimate Fighting Championship,TD Garden,"Boston, Massachusetts",16015.0,2450000.0,380000.0
2018-01-27,UFC on Fox: Jacaré vs. Brunson 2,Ultimate Fighting Championship,Spectrum Center,"Charlotte, North Carolina, U.S",10249.0,944202.0,
2018-02-03,UFC Fight Night: Machida vs. Anders,Ultimate Fighting Championship,Arena Guilherme Paraense,"Belém, Brazil",10144.0,,
2018-02-11,UFC 221: Romero vs. Rockhold,Ultimate Fighting Championship,Perth Arena,"Perth, Australia",12437.0,2810520.0,
2018-02-18,UFC Fight Night: Cowboy vs. Medeiros,Ultimate Fighting Championship,Frank Erwin Center,"Austin, Texas",10502.0,794350.0,
2018-02-24,UFC on Fox: Emmett vs. Stephens,Ultimate Fighting Championship,Amway Center,"Orlando, Florida",10124.0,1064303.0,
2018-03-03,UFC 222: Cyborg vs. Kunitskaya,Ultimate Fighting Championship,T-Mobile Arena,"Las Vegas, Nevada",12041.0,1367672.0,260000.0
2018-03-17,UFC Fight Night: Werdum vs. Volkov,Ultimate Fighting Championship,The O2 Arena,"London, England",16274.0,,
2018-04-07,UFC 223: Khabib vs. Iaquinta,Ultimate Fighting Championship,Barclays Center,"Brooklyn, New York",17026.0,3007108.0,350000.0
2018-04-14,UFC on Fox: Poirier vs. Gaethje,Ultimate Fighting Championship,Gila River Arena,"Glendale, Arizona",11382.0,1085712.0,
2018-04-21,UFC Fight Night: Barboza vs. Lee,Ultimate Fighting Championship,Boardwalk Hall,"Atlantic City, New Jersey",9541.0,923720.0,
2018-05-12,UFC 224: Nunes vs. Pennington,Ultimate Fighting Championship,Jeunesse Arena,"Rio de Janeiro, Brazil",10696.0,,85000.0
2018-05-19,UFC Fight Night: Maia vs. Usman,Ultimate Fighting Championship,Movistar Arena,"Santiago, Chile",11082.0,,
2018-05-27,UFC Fight Night: Thompson vs. Till,Ultimate Fighting Championship,Echo Arena,"Liverpool, England",8520.0,1300000.0,
2018-06-01,UFC Fight Night: Rivera vs. Moraes,Ultimate Fighting Championship,Adirondack Bank Center,"Utica, New York",5063.0,322825.0,
2018-06-09,UFC 225: Whittaker vs. Romero 2,Ultimate Fighting Championship,United Center,"Chicago, Illinois",18117.0,2550000.0,250000.0
2018-06-23,UFC Fight Night: Cowboy vs. Edwards,Ultimate Fighting Championship,Singapore Indoor Stadium,"Kallang, Singapore",6419.0,,
2018-07-06,The Ultimate Fighter: Undefeated Finale,Ultimate Fighting Championship,Pearl Theatre,"Paradise, Nevada",2123.0,293615.0,
2018-07-07,UFC 226: Miocic vs. Cormier,Ultimate Fighting Championship,T-Mobile Arena,"Paradise, Nevada",17464.0,5677238.0,380000.0
2018-07-14,UFC Fight Night: dos Santos vs. Ivanov,Ultimate Fighting Championship,CenturyLink Arena,"Boise, Idaho",5648.0,591575.0,
2018-07-22,UFC Fight Night: Shogun vs. Smith,Ultimate Fighting Championship,Barclaycard Arena,"Hamburg, Germany",7798.0,750000.0,
2018-07-28,UFC on Fox: Alvarez vs. Poirier 2,Ultimate Fighting Championship,Scotiabank Saddledome,"Calgary, Alberta, Canada",10603.0,,
2018-08-04,UFC 227: Dillashaw vs. Garbrandt 2,Ultimate Fighting Championship,Staples Center,"Los Angeles, California",17794.0,2850000.0,300000.0
2018-08-25,UFC Fight Night: Gaethje vs. Vick,Ultimate Fighting Championship,Pinnacle Bank Arena,"Lincoln, Nebraska",6409.0,478337.0,
2018-09-08,UFC 228: Woodley vs. Till,Ultimate Fighting Championship,American Airlines Center,"Dallas, Texas",14073.0,1700000.0,
2018-09-15,UFC Fight Night: Hunt vs. Oliynyk,Ultimate Fighting Championship,Olimpiyskiy Stadium,"Moscow, Russia",,,
2018-09-22,UFC Fight Night: Manuwa vs. Santos,Ultimate Fighting Championship,Ginásio do Ibirapuera,"São Paulo, Brazil",,,
2018-10-06,UFC 229: Khabib vs. McGregor,Ultimate Fighting Championship,T-Mobile Arena,"Paradise, Nevada",,,
2018-10-27,UFC Fight Night: Volkan vs. Smith,Ultimate Fighting Championship,Moncton Events Centre,"Moncton, New Brunswick, Canada",,,
2018-11-03,UFC 230,Ultimate Fighting Championship,Madison Square Garden,"New York City, New York",,,
2018-11-10,UFC Fight Night: Edgar vs. Korean Zombie,Ultimate Fighting Championship,Pepsi Center,"Denver, Colorado",,,
2018-11-17,UFC Fight Night: Magny vs. Ponzinibbio,Ultimate Fighting Championship,Parque Polideportivo Roca,"Buenos Aires, Argentina",,,
2018-11-25,UFC Fight Night: Blaydes vs. Ngannou 2,Ultimate Fighting Championship,Cadillac Arena,"Beijing, China",,,
2018-11-30,The Ultimate Fighter: Heavy Hitters Finale,Ultimate Fighting Championship,Pearl Theatre at Palms Casino Resort,"Las Vegas, Nevada, United States",,,
2018-12-02,UFC Fight Night: dos Santos vs. Tuivasa,Ultimate Fighting Championship,Adelaide Entertainment Centre,"Adelaide, Australia",,,
2018-12-08,UFC 231,Ultimate Fighting Championship,Scotiabank Arena,"Toronto, Ontario, Canada",,,
2018-12-15,UFC on Fox 31,Ultimate Fighting Championship,Fiserv Forum,"Milwaukee, Wisconsin",,,
2018-12-29,UFC 232,Ultimate Fighting Championship,T-Mobile Arena,"Paradise, Nevada",,,
